hotels,titles,comments,replies
圓山大飯店The Grand Hotel,舊式飯店,古色古香的飯店，雖然交通不太方便，但飯店有提供接駁車搭乘往捷運站，職員亦親切有禮。房間舒適，風景好，會再入住,
圓山大飯店The Grand Hotel,國賓級飯店,"圓山大飯店是老牌的五星級飯店，設施不新，但房間近年經過裝修還是十分美觀舒適。

今次訂了有陽台的房間，陽台非常寬廣，遠眺日落美景很是寫意。

除了體驗傳統中國建築美學，晚上大堂還有音樂表演，總括而言來到台北非常推薦在這裡住一晚！",
圓山大飯店The Grand Hotel,歷史悠久的酒店,這裏很乾凈，才翻新過。酒店的員工非常棒。他們竭盡所能地幫我郵寄了一個包裹到中國。自助早餐很好，就有西方美食又有東方美食。大廳裝飾地非常有特色。,
圓山大飯店The Grand Hotel,我單純的喜歡它,我得再說一遍。每次我去台北，我和我的妻子都一定會住在 Grand酒店。這是一個獨特的地方，你無法在世界其他地方找到這種類型的酒店宮殿。試試看，你會喜歡的。我定期住那裡已經16年了，在台北我永遠不會錯過住那的機會。,
圓山大飯店The Grand Hotel,古色古香的五星飯店,氣派的五星飯店，假日下午茶690+10%，菜色卻很平凡，炸花枝丸和冷凍鍋貼都能上架，讓顧客很難想像是在五星飯店用餐。,
國賓大飯店The Ambassador Hotel,舒服的行政客房,"忙到很晚才入住.很幸運的升等到行政客房.雖然房間不大.但設計得讓人感到不侷促.櫃台的服務人員對小孩也很親切.
以商務飯店來說.已超出預期.雖然很短暫的時間.但享受了一夜好眠",
國賓大飯店The Ambassador Hotel,位置好的飯店,飯店位置方便，附近餐廳小吃都很多。房間較舊，但仍乾淨附有浴缸。健身房設備不多，三溫暖設備稍嫌不足。服務親切，日文基本上都通。早餐一般水準。,
國賓大飯店The Ambassador Hotel,很棒的五星飯店,"這次入住行政樓層的客房，雖然是棟老舊的建築，但飯店內的裝潢維持的很棒！
除了樓板較低外，一點也看不出是間老飯店呢！
唯二美中不足的是客房沒有浴缸以及行政樓層的早餐較為簡單，但不用人擠人的享用早餐也是個不錯的選擇
房間很乾淨，維持的很棒，服務人員也都很親切，這次的經驗非常好！",
國賓大飯店The Ambassador Hotel,不錯,一個很不錯的婚宴場地，雖然外觀稍微老舊了，但是親切的服務人員，然後又是臺北的老牌飯店，真的在老一輩的長輩心中有不一樣的地位！,
國賓大飯店The Ambassador Hotel,需要翻新工作,酒店整體很好，但一些小細節正在使它丟分，比如10樓的房間非常大但很空，桌子只是呆在房間的中間，電視沒有面向床。房間雖然很大，浴室卻很小。一次只能容納1個人，房間里的鏡子光線很暗，不方便。房間里有一些令人不愉快的潮濕氣味。但由於地理位置，早餐和床，所以它依舊算好。,
台北華國大飯店Imperial Hotel Taipei,一次愉快的住宿體驗,我對我們在華國大飯店的住宿很滿意。我們感到自己很受歡迎，而且感受到了酒店人員的感謝之情。我們的房間簡直完美，提供有齊全的配套服務。我們對酒店預訂團隊的服務也很滿意-我們不僅難不倒他們，而且他們響應迅速，非常專業。總的來說，我強烈推薦這地方。更多,"Dear valued guest,

Thank you for taking the time to provide us with your precious feedback.

It brings us great...更多"
台北華國大飯店Imperial Hotel Taipei,很棒的酒店和員工,對於任何在台灣出差的人來說，這是一個很棒的住宿酒店。服務非常好，員工能確保你所有的需求都得到滿足。房間很好，設備齊全，一塵不染。洗衣服務快速且標準非常高。 餐廳物超所值，提供一流的美食，而且它靠近各種不同的餐廳，以滿足每個人的需求。毫不猶豫地推薦這家酒店。期待下次入住。更多,"Dear valued guest,

Thank you for taking the time to provide us with your precious feedback.

It brings us great...更多"
台北華國大飯店Imperial Hotel Taipei,在台北的停留,當你較晚入住的時候，請小心酒店第3服務團隊為你提供的服務(11點)。我們來晚了，但如果你想來得早一點，價格就會上漲……酒店的位置交通便利，適合在白天去到台灣各地。它是標準大小的城市酒店。這對訪問台北的人來說很有用。和其他城市的酒店一樣，它的房間也比較小。WiFi的信號很弱。總的來說，這次經歷是意料之中的。更多,"Dear valued guest,

Thank you for taking the time to provide us with your precious feedback.

It brings us great...更多"
台北華國大飯店Imperial Hotel Taipei,很棒的酒店,很棒的酒店，員工很棒。 我們總是很高興來到這裏。 我們總是能體會到驚喜，每次都是這樣。酒店非常安靜，適合休息，非常專業。我們還會再來的~更多,"Dear valued guest,

Thank you for taking the time to provide us with your precious feedback.

It brings us great...更多"
台北華國大飯店Imperial Hotel Taipei,個人旅行,地理位置較好，交通方便，離中山國小站較近，酒店人員服務態度不錯，房間總体感覺可以，整齊干凈，這是間有歷史的酒店，房間設施都比較有歷史的感覺,"親愛的貴賓您好：

感謝您在百忙之中，回饋入住台北華國飯店的寶貴意見。
誠摯地感謝您給予我們鼓勵與讚美，能夠為您服務是我們莫大的榮幸。
您的支持是我們進步的原動力，期待您的再度光臨，謝謝！ 

敬祝 平安順心
台北華國大飯店 管理團隊"
華泰王子大飯店Gloria Prince Hotel,驢子餐廳吃大餐,環境好！氣氛很棒！東西有一定的水準！尤其濃湯很好喝！服務人員推薦的三分熟牛排！真的很好吃....很嫰沒有血水只有肉汁真的很好吃,"Dear edwardcute,

我們很開心也很榮幸可以提供給您滿意的用餐體驗，歡迎您下次再來。"
華泰王子大飯店Gloria Prince Hotel,"華泰王子大飯店  一泊二食專案 九華港點集套餐  驢子餐廳吃到飽早餐

",妮妮要來介紹台北一家適合親子和旅客住宿的飯店- 華泰王子大飯店，華泰王子大飯店是華泰2001年與西武集團結盟，成為全球王子連鎖大飯店之一，營運近50年來一向以貼心服務為宗旨。華泰王子大飯店位於熱鬧的林森北路上，很多日本旅客來到台灣指名要飯店，停車可以停在飯店停車場，所以停車算是便利，很適合家庭或親子同遊,"Dear nikkih35,

感謝您選擇入住華泰王子大飯店。我們很開心也很榮幸可以提供給您滿意的住宿品質，期待在不久的將來還有機會為您服務。"
華泰王子大飯店Gloria Prince Hotel,九華樓全鴨匯，值得再試!,小型同學會聚餐，點了一套全鴨匯，內容十分豐富。師傅還會在桌旁片鴨，兼具視覺、嗅覺、味覺的饗宴。每道菜都非常好吃，唯一可惜的是鴨肉量略嫌少了一些，我們大概七個人使用，只能說是剛好。鴨油炒青菜、燉粥味道令人回味無窮。跟其他有名烤鴨店比起來，環境更加清幽，吃起來比較沒有壓力的感覺。推薦!!!,"Dear chihhengc2017,

很榮幸可以提供給您滿意的用餐體驗，歡迎您下次再來。"
華泰王子大飯店Gloria Prince Hotel,驢子餐廳 好味道的好餐廳,位於華泰王子1樓的好味道，不管住宿或經過，都可以來嚐鮮，20盎司沙朗牛排份量足，口感佳，絕對是菜單首選菜色。,"Dear bihjeng H,

感謝您給予我們如此高度的評價，期待您下次再來用餐。"
華泰王子大飯店Gloria Prince Hotel,不錯,Check in 人員很友善，酒店如我所料比較舊，但房間很大房務員每天都清潔得很乾淨，住最高層11樓，還有一個健身房只是沒有試過，每天都在附近工作有很多食店，每天都食早餐，很多是日本遊客，蔬菜為主但足夠，其實到處都是便利店可以食早餐，服務還可以，只是站門口的接待員只招呼日本人，可能是日本酒店吧！,"Dear marianH9793KG

感謝您給予華泰王子大飯店的意見及指教，期待下次再次為您服務。"
豪景大酒店Hotel Riverview Taipei,很不錯的酒店，走路就能到西門町,房間很乾凈，工作人員服務很棒，從酒店走路7分鐘就能到西門町。酒店周圍有很多不錯的吃早飯的地方，一家最古老的咖啡館就在酒店附近。這裏安保很好，需要卡才能到酒店大廳。,
豪景大酒店Hotel Riverview Taipei,大間又超舒服的酒店,離西門町站略遠，而且位置有點僻靜，如只有女仔同行，就不太適合。酒店有分新館和舊館，checkin的counter是舊館。舊館有40年歷史，裝潢很舊，但酒店職員帶我們穿過一條小路後，就來到新館，與舊館有強烈對比。房間和浴室都超大，還可以看到海景。,
豪景大酒店Hotel Riverview Taipei,毫無任何客戶服務可言,這家酒店根本就不存在什麼客戶服務。我即將要入住這裏，所以過去幾天我一直嘗試聯繫酒店，告訴他們我的住宿要求，結果沒有任何回復。真是太糟糕了。不推薦入住這裏，直到他們行動起來（改善客戶服務，我才有可能改變態度）,
豪景大酒店Hotel Riverview Taipei,很好很舒適的住宿,入住双單人床房，太好了，房大，舒適，新穎，33平方。早餐的地方有繯迴的遠境，很漂亮，食物也足夠，好味道。來台北定來這裡，就是要步行15分鐘由西門町站，比較遠，其它所有都好,
豪景大酒店Hotel Riverview Taipei,奇怪的酒店經歷,"新館 本館等於同一座大廈 不同升降機上
本館到新館需要經過兩玻璃門要房卡感應才開門、 新館的兩部升降機均不需要房卡感應.

不要給酒店古老舊外表嚇壞 新館的設計是相反
住的是三人房 
250X 房間直對一升降機
床OK寬但不夠長
插座足夠多 還有USB插 👍
步行往來西門地鐵站大約8分鐘 （視乎步速等燈）
有提供接駁車 半個鐘...更多",
台北凱撒大飯店Caesar Park Taipei,非常靠近火車總站,如果這是你第一次來台北，你想住在靠近火車總站的酒店，這是一個不錯的選擇。我們通過酒店預訂網站預訂，因為它比酒店的網站便宜。這家旅館被評為五星級。我最多只能給它打3.5星級。我們的房間看起來自從酒店開張以來就再也沒有翻新過。不過，它很乾凈，所以沒什麼好抱怨。包括的自助早餐很好。工作人員辦事效率高，但不友好。酒店附近有很多吃飯和購物...更多,
台北凱撒大飯店Caesar Park Taipei,希望繼續進步,今次住1419房，對比上次616房好。洗手間有電廁板，台北車站很美。多謝酒店方面配合到我的要求。但電視質素。梳化，浴缸、防滑墊、防水濂，花灑水壓，抽氣扇隔塵網都要大大改善。酒店內外已陳舊，要翻新，但會在住宿價格反映，真是矛盾的…哈哈😄。員工是這酒店的最大財產，恩勤有禮，樂於助人，是客人多再光顧的原因，我和太太也是其中一人，下次...更多,"敬愛的貴賓： 
感謝您蒞臨台北凱撒大飯店。
非常謝謝您在 TripAdvisor 與我們分享您的住宿經驗。關於您對本飯店交通便利之肯定，在此致上最深切的謝意；
有關您所提出的寶貴建議，已提供內部相關部門檢視與評估；本飯店在軟、硬體皆持續不斷改善，期許提供住客更舒適的住宿環境。竭誠地歡迎您再度造訪台北凱撒，期待您下次到訪台北時，能...更多"
台北凱撒大飯店Caesar Park Taipei,有設計感,"這間飯店比較像商務行的,是我喜歡的設計感，而且床是圓形的我很喜歡！地點又非常棒鄰近台北車站 西門町，要找吃的很方便，價位也不高。更多","親愛的貴賓：
非常謝謝您在 TripAdvisor 與我們分享您的住宿經驗。
很高興知道您喜歡我們的客房環境、人以及便利的交通位置，謝謝您的鼓勵與讚美，謹此致上最深切的謝意，您的寶貴意見將給予我們更多成長進步的空間。台北凱撒大飯店位於台北火車站正對面並與捷運台北車站M6出口連通，不論是商務、旅遊，台北凱撒為旅客到訪台北時的住宿首...更多"
台北凱撒大飯店Caesar Park Taipei,CP值超高的Buffet,台北車站，就有連通到可以抵達。三樓的Buffet，CP值超高。有日式料理、冷盤沙拉類、也有熱湯、熱食等區域。可惜今年旅展已經不賣餐券了！值得前往品嘗。更多,"敬愛的貴賓：
感謝您選擇入住台北凱撒大飯店。
非常謝謝您在 TripAdvisor 與我們分享您的用餐經驗，關於您對本飯店餐飲整體滿意之肯定，謹此致上最深切的謝意，您的寶貴意見將給予我們更多成長進步的空間。本飯店位於台北火車站正對面並與捷運台北車站M6出口連通，不論是商務、旅遊，台北凱撒為旅客到訪台北時的住宿首選。竭誠地歡迎您再...更多"
台北凱撒大飯店Caesar Park Taipei,言語行動很不友好， 服務水準差，房間小， 忘記清掃。  建議加強人員培訓。,"移民二十年， 第一次住酒店被強制國籍必須寫中國。 由於出差原因， 必須寫地址， 但是酒店工作人員說，由於出生地為中國，所以必須寫中國。 但是公司地址和國家不符，為此工作人員強詞奪理， 不改正，我個人很不理解。 

由於走路多腳磨破了向前台詢求幫助， 服務員很不友好。 客房隔天無人打掃， 地上毛巾已經收走， 新的牙刷毛巾都沒有補齊...更多","敬愛的貴賓：
感謝您選擇入住台北凱撒大飯店。
非常謝謝您在 TripAdvisor 與我們分享您的住宿經驗；您的寶貴意見將給予我們更多成長進步的空間。台北凱撒非常重視客人的入住感受，很遺憾此次入住在某些方面未能達到您的期望，造成您入住期間的不便敬請見諒，有關您所提出的寶貴建議，內部相關部門已進行檢視作業，以避免日後類似情事發生。...更多"
康華大飯店Golden China Hotel,港式飲茶普通,這是一家經營很久的飯店，和朋友來這裡吃港式飲茶，不過菜色倒是很普通，但是地點非常方便就在行天宮捷運站出口而已。,
康華大飯店Golden China Hotel,康華飯店香榭廳自助餐,"常常利用假日家庭聚餐，交通便利，就在行天宮捷運站4號出口，物超所值，buffet價位公道合宜，一般buffet上該有的這兒都吃得到，牛排，豬排，韮黃羊肉，烤香魚，日式豬小排，南瓜米粉，照燒雞腿，紅燒鰻魚，芋香蝦棗，白蝦，煙燻鮭魚，生魚片，滷牛肉，燻鴨肉，大鱸魚，紅燒牛肉，龜苓膏，杏仁茶,湯品甜點水果冰淇淋，...,常常來這用餐的...更多",
康華大飯店Golden China Hotel,除了地點好，沒其他優點,"櫃檯人員(副領班)態度極差，從頭到尾都擺臭臉，回答問題也很敷衍。而飯店內裝看得出歷史，綜合上述缺點，以後絕對不會考慮入住！

唯一的優點是飯店位置不錯，正好在捷運站出口，附近店家多。",
康華大飯店Golden China Hotel,好方便,一出捷運過街便是，浴室抽氣佳，房算大，有很多員作支援，唯一要扣分是較土氣，浴室門要用浴布作門撐，否則就會關上。,
康華大飯店Golden China Hotel,非常周到的酒店-面面俱到,康華酒店在我們來之前三天就準備了14個自行車收納箱，為這個服務給酒店點贊。而且我們可以把自行車放在房間內，很多酒店都不允許這樣，更加點贊。房間非常寬敞、乾淨、舒適。我的房間很安靜。我得承認我的房間是在6樓，離電梯最遠，而且不面向繁忙的松江路。自助早餐是我在台灣見過最好的之一。咖啡機可以做出很好的拿鐵，是一大加分項。對於我們騎車黨...更多,
神旺大飯店San Want Hotel,很累,我在台灣台北呆了一小段時間，我覺得酒店很貴，令人疲憊。房間很小，這也還行，但是浴室的淋浴不符合你對這個地方的期望。而且，毛巾又舊又硬，好像洗過太多次的。大床上有兩個枕頭!!最後，我覺得酒店方自己提供的早餐太糟糕了。工作人員非常友好和高效，但我認為酒店業主應該把資金用回到提昇服務這些應該的地方。地理位置很好-也許這就是管理層正在兌...更多,
神旺大飯店San Want Hotel,飯店舊式,位置好，樓下就是捷運站，逛街很方便。服務人員親切有禮貌，只是飯店比較舊，房間有點味道，燈光不夠亮，有點昏暗，隔音差。,
神旺大飯店San Want Hotel,台北的優質之選,我出差在這裏住了三個晚上。我喜歡那裡的位置，在一天中的任何時候都有很多事情可以做。辦理入住的過程還可以，房間里的床很硬(亞洲酒店的床都是一樣)，雖然房間是無煙的，但頭幾天還是瀰漫著一股煙味。雖然房間里有一扇窗戶，但面對着另一幢離得很近的建築，所以根本看不見任何景色。互聯網還可以，但在晚上會慢一些。這裏的員工很熱情、早餐很豐盛。,
神旺大飯店San Want Hotel,地點熱鬧; 硬體應該要翻修了!,"這個飯店位於台北最熱鬧的東區地點 200公尺內有捷運站,飯店大廳服務人員態度也很親切. 但是飯店硬體相當老舊,空間也是非常老式的格局; 我們訂的三人房空間與二人房一樣,所以相當侷促,衛浴等明顯也有修復的痕跡. 如果不在意住宿感覺這裡是方便逛街的地點,其他則不特別推薦.",
神旺大飯店San Want Hotel,千萬不要用Booking.com訂此家飯店,客戶因簽證出問題無法入境，事態緊急的狀態下，聯絡飯店，希望可以取消或是更改日期，但前台一直到副理給得答覆都是必須要跟booking.com聯繫，日月潭、情境農場的飯店都表示可以協助處理，神旺身為四星飯店的服務讓人非常失望，飯店僅能回覆‘每家飯店處理方式不一樣‘.....very disappointing service!,
兄弟大飯店Brother Hotel,交通方便的商務會談,兄弟大飯店是很有歷史的老飯店，地點非常好且在市中心，交通非常方便，我有一個日本客人很喜歡住這裡面，而且飯店內餐廳好幾個，價格又很合理，此次他短暫在此停留，我們在此簡單會談。兄弟大飯店外表已老，內部看起來還算中高級，但服務人員的態度佳，使我們有很愉快的半小時閒聊。,
兄弟大飯店Brother Hotel,位置好,飯店位置好，在松山機場坐計程車去飯店只需七、八分鐘，捷運的話一分鐘路程可到。南京復興捷運站。房間新乾淨，不錯！,
兄弟大飯店Brother Hotel,地點很好,交通很方便，捷運站出來就到了，附近很熱鬧，房間規矩，沒有特別高級的感覺，住客觀光客眾多，入住時遇到一大團泰國遊客。,
兄弟大飯店Brother Hotel,從小到大都喜歡的兄弟大飯店,如果幸運的話，選擇住在這間飯店裡頭，說不定有機會可以遇見台灣最著名的兄弟隊職棒選手，當然，還有這裡好吃美味的佳餚。,
兄弟大飯店Brother Hotel,地點位置超棒,地點佳，門口就是捷運南京復興站，也有空車站。附近美食很多，不怕餓肚子。房間重新整修後，裝潢更有現代感。冰箱內飲料都免費，不錯！床頭兩側皆有燈具控制紐，很方便。枕頭床墊都好睡，可惜是床墊尺寸是標準雙人，對睡慣加大床墊的我來說覺得有點擠。免治馬桶很舒服，但是沖水鈕很小很難按。早餐普通，早起門把會掛一份報紙（我收到聯合報，隔壁報紙好像...更多,
三德大飯店Santos Hotel,推薦此間飯店,房間乾淨、舒適，並且使用歐舒丹作為房間備品，整天旅遊下來回到房間都感到十分享受！唯一小缺點是蓮蓬頭掛座有點生鏽髒污，以及浴室內有些小飛蟲，建議改善。,
三德大飯店Santos Hotel,不幹凈的房間,我到房間后就不斷打噴嚏。檢查后才發現角落裡滿是灰塵。沒有方便給手機充電的插電口。淋浴房的門太大了，而且淋浴房很難進出。絕對不會再住這裏。,
三德大飯店Santos Hotel,印象很好的飯店,"20180908入住雙床房，房間空間算大
浴室有浴缸，還有免治馬桶座
還發現有一隻網路手機可在住宿期間免費使用
我最喜歡的是對於房客反應的問題處理速度很快，反應房間內Wifi速度慢，馬上帶一名工程人員來裝一個新的，反應浴室吹風機風很小，馬上派人送一個國際牌吹風機來
房價又不貴，下次再來台北還會考慮
離捷運民權西路站出口五，約20...更多","親愛的貴賓您好
非常感謝您在TRIPADVISOR上給三德大飯店的5顆星 評論
看到您如此滿意我們的住宿環境還留下了不錯的評論讓我們非常開心
希望您下次來台北時也能再次入住三德大飯店
我們誠心的歡迎您!"
三德大飯店Santos Hotel,香港人評語*,"機場方便：桃園機場搭1841 落車過對面碼路就到酒店（行四分鐘左右）
住宿：員工有禮有問必答、房間舒適清潔、有電熱水煲、環境清靜
周邊： 行三分鐘到民權西路捷運站（9號出口）

旁邊有7 11，但其他小食店/Watson 都要行五分鐘先有,但附近唔多餐館
超大家樂福行十五分鐘

酒店未必好新但整體都唔錯！","感謝您對三德大飯店的評論
很高興看到您給予我們４顆星的評價
您的支持及鼓勵對我們來說就是最大的動力
三德全體員工會繼續努力提供最溫暖及完善的服務品質
非常感謝您!"
三德大飯店Santos Hotel,我很喜歡,酒店很棒，要是訂房的時候有折扣就更好了。房間很舒適，床單、毛巾和淋浴都非常好。酒店位置很好，門口有去機場的巴士車站，距離地鐵站只有200米，酒店住宿的遊客很多。更多,Thank you so much for taking the time to share your recent review of Santos Hotel on TripAdvisor. It is...更多
亞都麗緻大飯店The Landis Taipei Hotel,我很喜歡這家酒店,出色的客戶服務，我非常喜歡這家酒店。房間每天都很乾凈。這家酒店1979年開業，我原以為會是一家老酒店，但它是一家非常現代化的酒店。我會再次入住。謝謝你們！,
亞都麗緻大飯店The Landis Taipei Hotel,各方面都很優秀,這是一家真正的5星級酒店，設施很棒，食物好吃，員工很好。客房布置得很舒適，我最近在那裡住了兩次，都是頭等房間。酒店位置方便，可步行到地鐵，搭乘地鐵去很多商場都很方便。食物非常新鮮，烹飪得很好，有很多品種，而且準備的都是最新的（可以看到廚師烹飪）。所有方面的服務都很優秀，從入住到退房，還有期間的一切。更多,"Thank you for your feedback regarding your stay at The Landis Taipei. 

We are happy to hear that you were...更多"
亞都麗緻大飯店The Landis Taipei Hotel,很棒的酒店，通過Agoda預訂,工作人員很棒，這是一個不錯的酒店，浴室配有坐浴盆，如果你沒有用過，那試試吧。生活會發生改變的，酒店靠近地鐵站和出租車，很容易打到優步，我還會再次住這的。酒店內和客房內的一切都很現代更多,Thank you for your feedback regarding your stay at The Landis Taipei. We are happy to hear that you were...更多
亞都麗緻大飯店The Landis Taipei Hotel,五星級服務,我喜歡，房間很大，設計很好。這家酒店有一個大健身房，還有很多不錯的餐廳，早餐也很好。不過最好的部分是工作人員，他們非常樂於助人且有禮貌。他們讓住宿體驗更加特別。酒店的地理位置也不錯。更多,Thank you for your feedback regarding your stay at The Landis Taipei. We are happy to hear that you were...更多
亞都麗緻大飯店The Landis Taipei Hotel,酒店漂亮——員工超贊,很久以前，我經常出入台北，每次都住在這家亞都麗致大飯店。因為多年後當我有機會再回台北時，我當然 選擇這家我最信任、最愛的酒店住宿。這家酒店一如既往的出色，員工超贊。房間很大，設備齊全，服務毫無任何瑕疵。唯一令我失望的就是地理位置。酒店周邊沒有很多活動可參加，商店不多。但是從酒店那打的很快就可以抵達（想要去的地方），從而彌補了這一...更多,Thank you for your feedback regarding your stay at The Landis Taipei. We highly appreciate your long-term support to The...更多
國聯大飯店United Hotel,不錯,飯店位置在捷運站旁，近國父紀念館捷運站，交通方便。房間比一般飯店的大，洗手間的抽氣不太行，一進去有味道，風筒的風力很弱。,
國聯大飯店United Hotel,地點便利、其它尚可,多年前有過不錯的入住經驗，加上其位置便利，就回來了。今次入住，感覺前台和禮賓部的員工都較酷，但對住客的要求還是很樂意幫忙的。浴室方面，個人認為其浴缸設計只適合浸浴，淋浴的話會弄濕地面。其它的以本人入住價錢來說尚算滿意。,
國聯大飯店United Hotel,乾淨、便利且迷人,我喜歡這家酒店，因為它有着古老酒店的迷人魅力。房間寬敞，浴室也很漂亮。酒店的位置非常便利，正是你參加商務會議所需要的。早餐種類寬泛。我們很晚才入住，但是入住手續非常快捷。總而言之，非常划算。,
國聯大飯店United Hotel,地點方便,距離東區、信義區很近，走出飯店就有許多類型的餐廳，非常便利，偶爾升等可住更大的房型，出差至指定地點還有補貼計程車資，適合商務人士,
國聯大飯店United Hotel,設備老舊,在國父紀念館旁不遠處，附近交通方便，吃的東西也很多，飯店設備較老舊，冷氣很吵，而且不冷，停車場是免費的，但是數量有限,
台北喜來登大飯店Sheraton Grand Taipei Hotel,地點絕佳的老派酒店,"台北喜來登大飯店位於捷運善導寺站2號出口，出站即到達，但是該出口沒有電梯，有大件行李的旅客，可以選擇有電梯設備的3號出口。善導寺站距離台北車站只要一站，西門町也只要兩站，所以台北喜來登位置優越方便，而且鬧中取靜，周遭並不複雜。很多觀光客必吃的阜杭豆漿，就在善導寺捷運站4號出口邊的華山市場二樓，步行五分鐘之內即可到達。

喜來登對...更多",
台北喜來登大飯店Sheraton Grand Taipei Hotel,里程講座於總統套房,"12月22日下午位於1788總統套房 
入至酒店內 工作人員就很親切的問候 
總統套房非常的驚豔 如同北美的豪宅 
而且很有節日氣氛 🎄🎁🎉",
台北喜來登大飯店Sheraton Grand Taipei Hotel,總統套房初體驗,太美好的總統套房體驗，謝謝法比安及台灣里程社團的好友們。房間很美，服務也超好。美好的總統套房、社團好友齊聚，真的很幸福。,
台北喜來登大飯店Sheraton Grand Taipei Hotel,"第一次到總統套房參加法大聖誕party, 玩的太開心了！ 收穫學習多多！","第一次到總統套房參加法大聖誕party, 玩的太開心了！ 收穫學習多多！
真的沒有想到短短的一個下午可以學到這麼精闢的環球票開票內容,功力增加一甲子啊！

加上飯店總統套房設備讚 服務好 效率高 大家都捨不得離開啊！
期待下一次聚會！",
台北喜來登大飯店Sheraton Grand Taipei Hotel,社團講座與社團聖誕Party,"這次有幸可以參加社團活動, 社團選在知名的喜來登舉辦~~ 
1788號總統套房,空間很大.也有很好的環境~~
服務人員非常親切的招呼, 希望下次還有機會來~",
台北君悅酒店Grand Hyatt Taipei,Still a good hotel you can choose in Taipei,先生一直都是Hyatt卡客，在美國Hyatt也是經常會選住的飯店。2012年左右曾經入住台北君悅飯店，當時對於房間狀況十分失望，連水龍頭都鏽蝕，看不出有Hyatt品質，所以就再也不住台北君悅。這次因公務選擇地點叫方便的君悅再次入住，除了在Lobby外漂亮的聖誕樹，林雲兩大符咒沒有了，現在房間內裝也有很大改善，雖然被安排在面對工地...更多,
台北君悅酒店Grand Hyatt Taipei,非常感謝台北君悅酒店,酒店房間大小合適，有很美的風景~~~(可以看景101大廈)，酒店設施和員工服務都很周到，我覺得自己很尊貴。我在台北君悅大酒店住得很愉快。非常感謝。,
台北君悅酒店Grand Hyatt Taipei,處處要排隊的高級酒店,check-in/out都要排隊一陣子，建議住客預留時間。早餐也要排隊，且太晚到，可能會因為餐廳客滿，沒位子需在門口瞎等，建議住客提早前往吃早餐。如果需在飯店內用晚餐，建議務必提早訂位，飯店內雖有八九間餐廳，但當天才訂還是很可能會全部客滿，沒東西吃。房內乾淨，床好很舒服，健身房/游泳池/SPA都整理得很乾淨。,"親愛的 Yu-Yen C

感謝您入住台北君悅酒店，謝謝您撥冗提供寶貴意見，每一位客戶的體驗都是讓我們持續進步的來源，再次感謝您並希望不久的將來能有機會再度歡迎您的光臨，謝謝！

麥迪加
總經理"
台北君悅酒店Grand Hyatt Taipei,很好,這次剛好開會來住，房間不小，床也很好躺，有個沙發可以坐，早餐食材很多也蠻好吃的，不過剛好遇到人太多，所以有稍等一下就是。位置真的很好就在101旁邊。另外櫃台人員都好客氣服務超好。,"親愛的 Glynine

感謝您入住台北君悅酒店，謝謝您對於客房、早餐、及酒店地點的正面評價，希望不久的將來能有機會再度歡迎您的光臨，謝謝！

麥迪加
總經理"
台北君悅酒店Grand Hyatt Taipei,好友聚餐,托朋友的福氣，有機會來這裡用餐，晚餐吃到飽的菜色豐富而且供應充足，美酒佳餚伴隨悠揚鋼琴現場彈奏，讓整個聚會很加分。,"親愛的 Mark

謝謝您撥空給予我們正面評價，很高興得知您與朋友用餐愉快，我們不定期會推出各式各樣的美食活動，希望將來能有機會再度歡迎您的光臨品嚐，謝謝！

麥迪加
總經理"
晶華酒店Regent Taipei,五星級飯店,晶華是台灣五星級飯店裡面算是蠻有名的不管是租書餐廳以及整個裡面飯店的氛圍是很有氣氛的他們在每一個節日的時候也都會有特別的佈置然後他的游泳池三溫暖也都非常的高級很不錯我們是住在台灣的人但是每隔一陣子其實都會訂他的飯店去煮特別推薦,"親愛的nanyenc您好,

    您的來函給台北晶華酒店全體員工帶來莫大的鼓勵! 在此非常榮幸得知您對我們親切貼心的服務感到滿意，同時也謝謝您大力推薦。

    誠摯期待您下一次的到訪，讓我們能夠再次為您提供非凡卓越的服務。


吳偉正 敬上
台北晶華酒店暨集團餐飲董事總經理"
晶華酒店Regent Taipei,經典,晶華請店的服務非常的到位，而且他們有些房間是那種榻榻米式的那種，還有一片非常大的勁讓人時時都可以在一起自己的外表,"親愛的YueEn0609您好,

日前很榮幸能為您提供服務。

感謝您撥冗填寫本酒店的Trip Advisor、您對於本酒店軟硬體設施的讚美之處，本人謹代表全體同仁向您致謝。

期望您能繼續給予晶華支持與鼓勵，督促我們的服務水準更趨完善。



吳偉正 敬上
台北晶華酒店暨集團餐飲董事總經理"
晶華酒店Regent Taipei,最棒的婚宴場地,不是第一次去吃喜酒了！卻很喜歡飯店的精緻服務，和優質的菜色。一樓超大聖誕樹，超好拍，是拍網美照片的好地方。,"親愛的貴賓您好,

    您的來函給台北晶華酒店全體員工帶來莫大的鼓勵! 在此非常榮幸得知您對我們親切貼心的服務感到滿意。

    誠摯期待您下一次的到訪，讓我們能夠再次為您提供非凡卓越的服務。


吳偉正 敬上
台北晶華酒店暨集團餐飲董事總經理"
晶華酒店Regent Taipei,乾淨、整潔,晶華酒店二樓下午茶和地下名品店都是消磨時間的好去處。自助餐也是台北知名的用餐景點，附近有許多平民美食。,"親愛的貴賓您好,

日前很榮幸能為您提供服務。

感謝您撥冗填寫本酒店的Trip Advisor、您對於本酒店軟硬體設施的讚美之處，本人謹代表全體同仁向您致謝。

期望您能繼續給予晶華支持與鼓勵，督促我們的服務水準更趨完善。



吳偉正 敬上
台北晶華酒店暨集團餐飲董事總經理"
晶華酒店Regent Taipei,值得一再推薦入住的酒店,"酒店的服務人員服務態度相當好, 加上這次因為提早登記入住,所以有空去逛附近的商店且最近有成品生活館進駐附近的商店街,更值得推薦旅遊入住的好飯店
早餐的菜色依舊豐盛多樣美味 健身房的服務人員態度親切且貼心
所以, 目前只要有機會出差或到台北旅行,一定會選擇入住此飯店, 故是值得一再推薦入住的飯店","親愛的貴賓您好,

    您的來函給台北晶華酒店全體員工帶來莫大的鼓勵! 在此非常榮幸得知您對我們親切貼心的服務感到滿意。

    誠摯期待您下一次的到訪，讓我們能夠再次為您提供非凡卓越的服務。


吳偉正 敬上
台北晶華酒店暨集團餐飲董事總經理"
西華大飯店The Sherwood Hotel Taipei,很好的五星級酒店,這間酒店雖然有點日子，但內部設施保養得非常好，房間很大很有空間感，兩張大床很寬闊，足夠我們兩大人兩小孩。浴室也很大而且還設有日本的電動清洗馬桶，寒冷的早上坐上暖暖的廁板很舒服。另外有一扇門將浴室和睡房分開，讓我早上梳洗也不會擔心嘈醒小朋友。此外，大堂及門口的服務人員很好，每次我們上車下車都很盡力協助，也會幫忙截的士，值得一讚是門...更多,
西華大飯店The Sherwood Hotel Taipei,寬敞舒適,房間非常寬敞乾淨。有陽台，但視野不好。酒店保養得很好。在漫長的一天旅行后，遊泳池對我們疼痛的肌肉產生了奇妙的效果。員工訓練有素。早餐種類很多，但味道一般。附近有很多餐館和商店。酒店位於兩個地鐵站之間，每個站需要步行大約5到10分鐘。你可以在酒店周圍好好逛逛。西化飯店提供了舒適的5星級住宿，位置極佳。,
西華大飯店The Sherwood Hotel Taipei,位置理想,飯店附近有很多不同的食店，距捷運大概8分鐘路程。飯店有點殘舊，燈光不算光猛，房間算是挺大的，Double bed夠三個成人睡,
西華大飯店The Sherwood Hotel Taipei,提早過聖誕節🎄氣氛,"聖誕節🎄前後的飯店都被預訂完，所以提早了時間與家人一起渡過！

以為幾十年的飯店ㄧ定會很老氣或舊設計感，結果並沒有這樣的感受，而是出乎意料溫馨與舒適！因為成員有大人小孩，飯店還幫忙加了床蠻貼心的！

而且飯店安排的早餐也很棒，中、日、美都兼顧到了，有機會應該會再去捧場！",
西華大飯店The Sherwood Hotel Taipei,很高級的大飯店,西華飯店創立於1990年，在台北市算是很高級的大飯店，雖已近30年歷史，但在外觀及可視的環境都能維持很有特色，並隨時翻新維修，我因事到此會見客人已有許多次，相對其他飯店真的感覺更高級，服務人員態度非常好，此次參加重要的研討會，在內部享受高級環境的學習，及享用中場精美的餐點，真是有非常幸福的滿足感。,
"遠東國際大飯店Shangri-La's Far Eastern Plaza Hotel, Taipei",12月28-31,"每次踏入台北香格里拉給我感覺就像回家一樣舒適而溫暖的感覺
Cafe餐廳Jone今次再見到，依然記得我姓名
35樓房務員Ruby，打掃房間整齊乾淨，更貼心的是，留言提醒我外邊天氣不穩定及寒冷，要帶雨傘及多穿保暖衣物
希望下次再來時候，能再次見到她們
並祝飯店全體員工，新年快樂
餐廳早餐，每天也是一樣不變食物，如果能轉換一下便更好
...更多",
"遠東國際大飯店Shangri-La's Far Eastern Plaza Hotel, Taipei",遠東國際台北香格里拉飯店,甫進入遠東國際台北香格里拉飯店，馬上被大廳前大型聖誕裝置聖誕藝術吸引，雪屋內住著耶誕老公公和圍著圍巾的北極熊，一片銀白色的美景盡收眼底,"親愛的EricaW1239貴賓您好,

非常感謝您選擇本酒店並撥冗回饋分享您此次的住宿經驗。很高興您對年度聖誕裝飾感到滿意,
所有的前置作業與辛苦佈置都值得了.

我們衷心期盼在不久的將來, 能再度歡迎您入住, 並竭誠為您服務! 

即祝 鈞安 

總經理 祖睿德"
"遠東國際大飯店Shangri-La's Far Eastern Plaza Hotel, Taipei",優良的住宿體驗及餐飲服務,生日前經由美國運通信用卡白金祕書FHR訂房，飯店人員特別準備美味生日蛋糕及迎賓禮。當日房間也升等到面對101房，晚間於6樓cafe和親友聚餐，料理多樣美味，賓主盡歡。整體住宿經驗十分優良，期待再次入住。,"親愛的Mobile809097您好:

非常感謝您選擇於本飯店消費。也非常謝謝您利用寶貴的時間與我們分享您的各類體驗。我們知道您對於整體服務, 
員工素質服務及相關飯店設備感到滿意。您的寶貴意見與分享也將做為我們持續進步的參考和依據, 我們衷心期盼
歡迎您回來並期盼再度為您服務!

即祝 身體健康 萬事如意

總經理 祖睿德"
"遠東國際大飯店Shangri-La's Far Eastern Plaza Hotel, Taipei",房間整理員超好,房間整理員Ecco 的表現相當好，他每一個細節都清潔很乾淨，然後也細心地問我們有沒有什麼需要。亦解答了我不少問題，看見我家有寶寶一起來，還找一點嬰兒用品給我。生果也找到一些新鮮的給我寶寶，她真的很細心。我跟她說保母告訴我水喉水有陣怪味，我們要開奶及煮食物給寶寶需要多支水，他二話不說的跑到外面多取幾瓶水給我們。這樣的服務態度太好了...更多,"親愛的Tiffany W您好:

非常感謝您選擇於本飯店消費。也非常謝謝您利用寶貴的時間與我們分享您的各類體驗。我們知道您對於整體服務, 
員工素質服務及相關飯店設備感到滿意。您的寶貴意見與分享也將做為我們持續進步的參考和依據, 我們衷心期盼
歡迎您回來並期盼再度為您服務!

即祝   身體健康  萬事如意

總經理  祖睿德"
"遠東國際大飯店Shangri-La's Far Eastern Plaza Hotel, Taipei",備感溫暖的香格里拉,"初次體驗台北香格里拉酒店住宿,由於本身已經使用app辦理住宿,但心中仍有些許問題想請教,當時前檯服務人員一與我眼神對上...馬上給予親切的問候,讓獨自帶著孩子出遊的我備感溫暖與窩心...當下覺得哇!這真是美好渡假的開始...不得不稱讚前檯的服務人員,不論在甚麼時間總是那麼有效率又親切...令人離開後就想繼續計畫下次的行程,本身對...更多","敬愛的sasa_tw，

本人在此代表香格里拉台北遠東國際大飯店，感謝您提供的寶貴意見，做為我們改進的依據。

本飯店將一本服務宗旨，持續為提供所有賓客完善舒適的服務與享受。

我們希望能夠在不久的未來歡迎您的再次光臨！

祝好，

Randy Zupanski – General Manager
總經理 祖睿德"
台北威斯汀六福皇宮The Westin Taipei,優質的服務,位置靠近地鐵，非常方便。服務很好，質量很好。休息室很舒適，我和妻子在那裡享受美好時光。不幸的是，我們只計劃在這裏住一晚。如果可能的話，我們當然想再次訪問這家酒店。,
台北威斯汀六福皇宮The Westin Taipei,My last time of Westin Taipei ,這是我最後一次住在這裏的日子 我很喜歡這裏的前台服務 還有很好吃的上海菜 最重要是竟然有個電影院以及邱吉爾雪茄吧 可惜一切都會完了 希望在不久的將來會再見更多,"親愛的 BTX1120，您好!
感謝您寶貴時間於TripAdvisor給予本飯店意見反饋。
感謝您選擇入住台北威斯汀六福皇宮，提供全體同仁一個為您竭誠地服務的機會。
我們很開心得知您滿意飯店同仁的服務。謝謝您不吝分享住宿心得, 是令全體員工士氣振奮不斷的精神來源。
我們將持續為您帶來優質的服務，未來仍祈續予本公司愛護與支持，我們...更多"
台北威斯汀六福皇宮The Westin Taipei,邱吉爾爵士雪茄館氣氛真的很好,帶客戶到邱吉爾雪茄館，氣氛好，人也不多，酒單有很多選擇，食物的部分，松露薯條跟焗烤麵味道真的很棒，一份薯條兩個人搭酒份量非常足，倒是牛排的部分有點過熟，點了5分，吃起來像是8-9分熟的。裡面服務人員態度蠻不錯，但是不太喜歡告知客戶低消時候的方式，可以等我點不夠金額再跟我說...更多,"親愛的 WCYY，您好!
感謝您寶貴時間於TripAdvisor給予本飯店意見反饋。
感謝您選擇入住台北威斯汀六福皇宮，提供全體同仁一個為您竭誠地服務的機會。
我們很開心得知您滿意飯店同仁的服務。謝謝您不吝分享住宿心得, 是令全體員工士氣振奮不斷的精神來源。
我們將持續為您帶來優質的服務，未來仍祈續予本公司愛護與支持，我們非常期...更多"
台北威斯汀六福皇宮The Westin Taipei,房間風格溫暖 服務人員親切又出色 位於市中心地段 近小巨蛋,"六福皇宮Westin年底熄燈，大家都來say goodbye，
因訂房太踴躍，飯店房況極滿，這次在威斯汀有舉辦活動，優越白金會員入住升等至行政樓層，房間沒有想像中小，窗戶景觀是飯店後方景，視野算遼闊，有機會可看到松山機場的飛機降落喔！浴缸比一般飯店的還大，淋浴間採乾濕分離，因旅館在1999年開幕已近20年歷史，看起來會較為老舊一...更多","親愛的 NS_HSU，您好!
感謝您寶貴時間於TripAdvisor給予本飯店意見反饋。
感謝您選擇入住台北威斯汀六福皇宮，提供全體同仁一個為您竭誠地服務的機會。
我們很開心得知您滿意飯店同仁的服務。謝謝您不吝分享住宿心得, 是令全體員工士氣振奮不斷的精神來源。
我們將持續為您帶來優質的服務，未來仍祈續予本公司愛護與支持，我們非...更多"
台北威斯汀六福皇宮The Westin Taipei,最後一次住六褔皇宮,"如果有看過「撒嬌的女人」這套電影一定認得Westin 六福皇宮的走廊。真可惜，每次來台灣，除了Le Meridian, 這酒店都會是首選之一。Westin 要離開快台灣了，唯有下次試試Sheraton 。更多","親愛的 7197193，您好!
感謝您寶貴時間於TripAdvisor給予本飯店意見反饋。
感謝您選擇入住台北威斯汀六福皇宮，提供全體同仁一個為您竭誠地服務的機會。
我們很開心得知您滿意飯店同仁的服務。謝謝您不吝分享住宿心得, 是令全體員工士氣振奮不斷的精神來源。
我們將持續為您帶來優質的服務，未來仍祈續予本公司愛護與支持，我們...更多"
美麗信花園酒店Miramar Garden Taipei,沒有五星級該有的水準，讓人失望,"住了507號房，安排三天兩夜旅行，以下是感受到的優缺點

1. 洗澡
第一天晚上洗澡的時候，發現水壓不足，且冷熱水切換很慢，通常要等個20-30秒，尤其是熱水轉冷水的時候，冷水來的特別慢，讓人容易燙到，因此讓我洗澡感到非常不方便，當晚有請飯店人員修理，但第一次修理過後仍不見改善，當時太晚了，索性隨便洗洗就睡了
隔天出門前，請飯店...更多",
美麗信花園酒店Miramar Garden Taipei,乾淨,"酒店有一點年紀了但維持得十分乾淨，泳池尤其非常棒，是很舒適的溫度。我們帶著一歲的寶寶在泳池裡度過了愉快的假期。
離捷運站有些遠，但如果搭計程車到各處都方便。早餐的價格不便宜但食物有點粗糙，如果想在外面吃東西則得走上好一段距離。先前爬文看很多旅客也提到一點：每天只供應兩罐瓶裝水，便利商店又不近，還得大老遠去買大罐瓶裝水扛進房，是花...更多",
美麗信花園酒店Miramar Garden Taipei,服務非常的親切、細膩,"9月26日、27日在台北有好幾個會議，晚上就住在「 美麗信花園酒店」~ 第一次住在這個飯店， 這是因為我比較喜歡嘗試不一樣的飯店，而且在網路上訂閱還 蠻划算的， 住宿的結果比我預期的還要好 !
首先我打電話詢問住宿的情況，飯店的設施，有一位謝姓的值班經理講得很清楚， 我也特別要一個窗戶可以看到很多車子的房間 ， 這樣子下一次帶老...更多",
美麗信花園酒店Miramar Garden Taipei,商務旅行,"雖然是有點年紀的飯店
但整個空間
靜謐沈穩的氣質
衛浴不規則空間設計感
早餐選擇多樣化-現煮拉麵/煎蛋台
用餐環境🈶️庭院造景 綠意盎然
房間還滿親民的
唯有附近餐廳/便利商店有點距離",
美麗信花園酒店Miramar Garden Taipei,房間很大，但是有點過時,地理位置不是很好，不是很靠近地鐵站，停留在靠近立交橋出口的繁忙道路。房間很大，浴室很大很乾凈，但是沒有提供瓶裝水，有點失望。行李員很樂於助人，工作人員也很好。遊泳池不大，但有日式公共浴池和桑拿（原文為sunna，應為sauna），非常乾淨，條件很好。更多,"Dear msjolam

Thank you very much for choosing Miramar Garden Taipei for your recent stay in Taipei. We also appreciate...更多"
台北寒舍艾美酒店Le Meridien Taipei Hotel,舒適的酒店,貫徹艾美酒店的舒適，房間不算很大但很新淨。前台服務很好，有不錯的餐廳，下次到台北的話會再來。適合家庭旅客。,
台北寒舍艾美酒店Le Meridien Taipei Hotel,咖啡廳的咖啡不錯,"週邊都是購物中心, 把你的老婆或女朋友帶過來, 她們一定滿心歡喜。 相對於價格來說, 酒店的設備品質不多不少。 順帶一提, 記得試一下他們大堂旁邊的咖啡廳, 咖啡很有特式。更多","Dear bird415,

Greetings from Le Meridien Taipei.

Thank you for staying with us while you were in Taipei. We appreciate...更多"
台北寒舍艾美酒店Le Meridien Taipei Hotel,拜訪國外客戶,此次因客人住寒舍艾美酒店，因客人行程短暫，要求我來他酒店聊聊，怕停車不方便，我坐藍色捷運前來，離3號出口約5分鐘走路還算方便。寒舍艾美酒店外觀很平凡，但內部裝潢就高貴典雅，有五星級酒店的風範，服務人員服務佳，很快找到客人，我們在此談得很輕鬆愉快，真是一個不錯的酒店。,"Dear Scenic808087,

非常感謝您蒞臨台北寒舍艾美酒店, 亦非常感激您樂意抽空分享您的體驗。

您的支持是我們成長的動力; 飯店同仁將秉持一貫的標準來為每一位光臨飯店的客人提供最好的服務。

希望我們很快能再次為您服務。

祝您 順心

台北寒舍艾美酒店"
台北寒舍艾美酒店Le Meridien Taipei Hotel,會再回來入住的好飯店,這家飯店就位在信義區的中心，不論是離捷運站或是百貨公司都很方便，飯店的人員服務也非常好，探索廚房及寒舍食譜也都很好吃。,"Dear Garfieldnk,

非常感謝您支持台北寒舍艾美酒店, 亦非常感激您樂意抽空分享您的體驗。

我們很榮幸能提供您滿意的服務及餐點。飯店同仁將秉持一貫的標準來為每一位光臨飯店的客人提供最好的服務。

希望我們很快能再次見到您。

祝您 順心

台北寒舍艾美酒店敬上"
台北寒舍艾美酒店Le Meridien Taipei Hotel,台北投票,帶家人由深圳回台灣投票。艾美位置在信義區眾百貨公司隔壁。非常方便。走到台北101可以走二樓空橋就可以到. 微風廣場 捷運。誠品書店多在這區！,"kmetch您好,

由衷地感謝您選擇台北寒舍艾美酒店作為旅遊下榻的飯店。有您的鼓勵我們定會更用心追求進步，期待很快能再次會您服務！

祝您一切順心如意

台北寒舍艾美酒店敬上"
台北W飯店W Taipei,Meeting,今天來參加策略會議室2覺的一進門就有音樂很驚喜 場地自然光也很挑光很漂亮 可以看到10游泳池景致很棒 Iris服務人員服務也很棒 ！！,"Dear bella0903,

感謝您蒞臨台北W飯店參加會議，並與我們分享您的經驗！很開心Iris的服務以及整體會議環境能獲得您的肯定，期待未來很快能再度為您服務，為您帶來更多完美的W體驗。

唐皓維
台北W飯店 總經理"
台北W飯店W Taipei,會議,"服務人員非常優質以及專業，
待人親切和善，有狀況隨時能即時處理。
會議廳投影設備完善。
當然，周邊環境音樂好聽！","親愛的yiyunchiang您好

謝謝您撥冗在此留下如此美好的評論，很榮幸得知我們所提供的活動場地讓您感到滿意，能夠協助您們舉辦會議並讓過程一切順利圓滿也是我們最大的心願！
我們期待未來能夠盡快再度為您服務，為您帶來另一段W完美體驗！

唐皓維
台北W飯店 總經理"
台北W飯店W Taipei,完美。,"方便、乾淨、風景美、員工有禮貌、早餐好吃又多選擇. 來台北工作的唯一選擇, 很多人說房價有點貴, 但我還是覺得很划算, 大愛W <3","親愛的SukiWang0844您好，

謝謝您撥冗填寫的評論，很高興得知您喜愛我們豐富多樣的早餐選擇以及親切的服務，能夠讓您的住宿體驗印象深刻，是我們最大的榮幸，再次謝謝您對台北W飯店的支持與愛戴。

我們期待未來能夠盡快再度為您服務!

唐皓維
台北W飯店 總經理"
台北W飯店W Taipei,活動紀錄拍攝,工作關係來到這邊拍攝！光線、音響、環境佳。服務人員Elmo 特別親切、熱情！很開心有機會來到這邊拍攝！服務人員的好態度讓我這在工作起來特別輕鬆不感壓力！,"親愛的ses4818888, 


感謝您蒞臨台北W飯店，並與我們分享您在這裡工作的體驗！真的感到非常榮幸我們的人才Elmo的服務讓您感到滿意，也期待未來很快能再度為您服務，為您帶來更多完美的W體驗。


唐皓維 台北W飯店 總經理"
台北W飯店W Taipei,日本說明會,今天參加策略會議室有Iris的幫忙 以及場地的優質性還有活動配置 還有音樂也很棒 今天參加會議覺的很完美 下次會推薦朋友來w飯店來辦！！,"親愛的ashan1234, 


感謝您選擇台北W飯店，並與我們分享您在這裡舉辦活動的經驗！很榮幸得知人才Iris和宴會團隊的服務能獲得貴單位的肯定，您的肯定是我們最大的鼓勵！再次謝謝您撥空寫下寶貴的留言，也期待未來很快能再度為您服務。


唐皓維 台北W飯店 總經理"
台北萬豪酒店Taipei Marriott Hotel,一家很棒的台北酒店,雖然這是我第一次入住台北萬豪酒店（和SPG集團合併之後），但是我認為這裏非常適合住宿，體驗格外的棒！酒店對客人的服務，從你抵達之前，入住，和離開一直都熱情為您服務。下次我來台北旅行的時候，一定會再次入住這家酒店。更多,"Dear nng1122

Thank you for taking your time to review our hotel. We are incredibly grateful to have your review...更多"
台北萬豪酒店Taipei Marriott Hotel,萬豪白金體驗,"因為是白金會員,所以訂了這裡,升等高摟景觀房,lounge的食物也很滿意,但是離市區肖遠了一些,附近有美麗華摩天輪,和大佳河濱公園.
下次如果來這附近,還是會考慮入住歐更多",敬愛的joanne991978：台北萬豪酒店座落于新興大直區，周邊富有多樣化的生活機能和眾多娛樂設施，附近的美堤河濱公園更是美好假期悠閒放鬆的好去處；除此之外，便利的地理位置也提供了國際旅客絕佳的方便性，更是距離故宮博物院最近的頂級國際酒店。我們誠摯期待您再度蒞臨城市綠洲台北萬豪酒店，體驗旅獲精彩的熱情服務。－台北萬豪酒店管理團...
台北萬豪酒店Taipei Marriott Hotel,冷色簡約裝潢,偏冷色系的裝潢，樸素的房間擺設。床非常好睡，可以一覺天亮。游泳池是露天式，夏天很適合上去游泳，有陽光照不會太冷。,敬愛的 Experience811172：台北萬豪酒店致力於提供全球旅人旅獲精彩的旅宿體驗，我們很開心您能享受新興大直區帶給您的美好旅入體驗，我們全體同仁期待您再度蒞臨體驗旅獲精彩的熱情服務！－台北萬豪酒店管理團隊
台北萬豪酒店Taipei Marriott Hotel,第一次來台北的萬豪酒店！,"個人第一次來到台北的萬豪酒店，位於台北萬豪酒店內湖區豪華飯店 · 樂群二路199號，入住後再18樓行館飯店俯瞰前有大佳碼頭港阜，又有河濱公園，後有美麗華百貨及摩天輪廣場。而19樓又有行政酒廊超讚！如下圖

""地點不錯 中餐廳餐點還可以。",敬愛的 tzuwei0312：台北萬豪酒店感謝您的支援與愛護，也很開心您感受了美好的旅宿體驗，希望在不久的將來還能再度為您提供用心有禮的熱情服務。－台北萬豪酒店管理團隊
台北萬豪酒店Taipei Marriott Hotel,高檔的飯店,之前幫客戶訂這飯店，他被升等到套房！ 讓我超心動！ 可惜假日入住 就沒被升等且沒view ! 但lounge 營業時間很長， 游泳池， 健身房都挺優的！,敬愛的 SammiH152：台北萬豪酒店致力於提供全球旅人旅獲精彩的旅宿體驗，我們很開心您能享受新興大直區帶給您的美好旅入體驗，我們全體同仁期待您再度蒞臨體驗旅獲精彩的熱情服務！－台北萬豪酒店管理團隊
第一大飯店First Hotel,老舊但是服務很不錯的飯店,第一飯店雖舊但是內裝還算是OK的。附近交通便利，大概步行5分鐘就可以抵達松江婦精湛，到市區哪裡都不算遠。附近也有很多各國料理的餐廳供君選擇。就地理位置來說，第一飯店也算是不錯的選擇。,
第一大飯店First Hotel,很老舊但是很可靠,這是台北最古老的旅館之一。房間和用餐區依然完好。他們提供自助早餐，但是菜單品種有限。附近有商店、餐館和超市，地理位置很方便。不過酒店無法避免一些陳舊的地方有生鏽的氣味。工作人員很好，在我逗留的6天里，我的房間里一切都好，也沒有丟東西。地毯很舊了，相信管理人員之後能換新的地毯。,
第一大飯店First Hotel,普通的酒店,酒店整體來看很一般，但是當回到台灣的時候，我們想再呆一段時間。工作人員很不錯 .有自助早餐. .可以步行到捷運，如果你想在旅館周邊散步，這是一個不錯的地方。無線網絡連接很不錯。,
第一大飯店First Hotel,新年家庭遊,酒店應該有點年頭了還是使用机械門鎖，但是設施保養得不錯，衛生整潔，步行到松江南京捷運站大約4分鐘非常方便。 一樓有意粉店和咖啡廳，馬路對面還有土耳其和印度餐廳、吉野家快餐。,
第一大飯店First Hotel,地點佳,位於松江南京站附近，步行約五分鐘即可到達，位於交通要道上，外出購買日常用品皆算方便，服務還算可以，是有年代的飯店了。,
六福客棧The Leofoo Hotel,回娘家,"同學遠嫁國外多年,最近回台探親並與老同學相聚.我幫她訂在六福客棧.取其位處市中心,交通便利, 價格合理又附早餐.她住得很開心,大讚房務阿姨很親切,人很好.",親愛的貴賓您好，感謝您蒞臨六福客棧，很開心有為您服務的機會。再次感謝您的蒞臨，希望未來很快能有再次為您服務的機會，我們也將以更卓越的服務，讓您再次感到驚艷。
六福客棧The Leofoo Hotel,初訪台北,和朋友第一次造訪台北，選擇入住六福，雖沒比較過其他的飯店，但是六福給我的感受是簡單舒適，乾淨溫馨，員工們都很親切，周邊也商店林立，真的很不錯，如果下次有機會再訪台北會再來。,親愛的貴賓您好，感謝您蒞臨六福客棧，很開心有為您服務的機會。再次感謝您的蒞臨，希望未來很快能有再次為您服務的機會，我們也將以更卓越的服務，讓您再次感到驚艷。
六福客棧The Leofoo Hotel,"住的好,吃的滿","我們線上買了一種住套房有早餐有晚餐的方案,
入住時剛好遇到日本學生團畢業旅行!!飯店很熱鬧,早餐還要排隊…但其實還ok!!我們覺得住的不錯,
也吃的滿足!!",親愛的貴賓您好，感謝您蒞臨六福客棧，很開心有為您服務的機會。再次感謝您的蒞臨，希望未來很快能有再次為您服務的機會，我們也將以更卓越的服務，讓您再次感到驚艷。
六福客棧The Leofoo Hotel,便利兼具舒適首選,來台北出差拜訪客戶，六福就位於金融工商群聚的中心，加上又有捷運及多線公車加持，我穿梭於雙北之中甚是便利，非常推薦商務有需求的人。,親愛的貴賓您好，感謝您蒞臨六福客棧，很開心有為您服務的機會。再次感謝您的蒞臨，希望未來很快能有再次為您服務的機會，我們也將以更卓越的服務，讓您再次感到驚艷。
六福客棧The Leofoo Hotel,房間還不錯,我們是訂家庭房的，有股味道，但還可以接受，很寬敞，小朋友們鬧來鬧去也可以，不過旅館服務人員有提醒我們小聲點，她們真的很貼心，值得推薦。,親愛的貴賓您好，感謝您蒞臨六福客棧，很開心有為您服務的機會。再次感謝您的蒞臨，希望未來很快能有再次為您服務的機會，我們也將以更卓越的服務，讓您再次感到驚艷。
洛碁大飯店花華本館Flora Hotel Main,價錢合理,"飯店雖然有點歷史，但整體來講不錯。
我訂的是雙人間含早餐，給我的房間為一張雙人床和一張單人床，棒。
洗手間很乾淨，清潔阿姨會為住客補上用完的用品，每天都有2瓶飲用水提供。
吃早餐的地方不在這一幢樓，在對面馬路的副館的地下一樓，如果對早餐沒有很高要求的話，可以去享用，否則飯店附近也有大量早餐店可以選擇。
飯店樓下就有一家7-11，...更多",
洛碁大飯店花華本館Flora Hotel Main,前堂服務員服務態度十分無禮,"前堂服務員服務態度十分無禮。
一向對此酒店都滿有好感、需然設施比較殘舊、但價格及位置各方面亦算不錯。
上一次入住時、因為朋友買的機場巴士卷有問題、而我們的電話亦只能上網、所以我們就在最後一天Check out 時有禮貌地要求前堂服務員、希望能幫我們撥打巴士卷上的聯絡電話、而我們也有表示如果打電話要收費亦冇問題、但該前堂服務員竟然...更多",
洛碁大飯店花華本館Flora Hotel Main,三星級酒店，早餐很棒，地理位置優越，靠近台北車站,"雖然附近有十幾家經濟型酒店，但是這家老酒店比其他同類酒店更好的是它的各種早餐。它融合了亞洲和西方菜餚，包括各種飲料。咖啡還不錯。我沒有抱怨必須走到它的附屬分店吃早餐，因為它只是一箭之遙，就在酒店旁邊的7-11對面。如果您特別關注早餐而且不介意舊的酒店設置（例如仍然使用房間鑰匙，浴缸等）和比我的21英寸台式顯示器小的小型平板電視，那麼這家酒店是一個不錯的選擇。大多數經濟型酒店僅提供早餐券，可在附近的其他餐廳兌換。
如果您乘坐機場地鐵到達大行李，您可以乘坐電梯到台北車站的Z 2出口到Shikong Dept Store。否則，你必須在其他Z出口處與沈重的行李箱掙扎。從機場地鐵台北中央火車站到酒店的步行時間約為10分鐘。
只有一個抱怨：一個接待員給我錯誤的房間鑰匙號碼後，我從早上11點回到酒店。今天上午00點。不僅我必須立即回到接待員櫃檯返回錯誤的鑰匙，而且我認為她應該更加警惕，以避免由於她的錯誤導致任何可能的安全問題。",
洛碁大飯店花華本館Flora Hotel Main,值得一提的是免費早餐,"優點：
 1。靠近台北車站，乘坐火車站和公交車站都很方便。
 2。免費早餐 - 健康早餐！
 3。房間很舒服，雖然我們的尺寸相當小。
 4。靠近便利店和商店
缺點：
 1。菲律賓比索沒有貨幣兌換商
 2。蚊子是一個問題，尤其是在大廳",
慶泰大飯店Gala Hotel,這是家很好的酒店，在台北的市中心，還有兩家很棒的餐廳。,我們在這家酒店住過兩次，都是之前來台灣旅遊的時候住的。兩次我們的房間都昇級到了舒適的卧室，是和房間的其他部分和廁所分開的那種。浴室也很好，淋浴很棒。有免費的WIFI。這裏的兩個餐廳我們都去吃過，都很喜歡。其中一家是真正的中餐廳，另一家餐廳有三種不同的套餐可以選擇，是很棒的自助餐。這裏的早餐分量很大，食物的種類也很多。更多,Thank you for taking the time to share your positive experience with us. We are pleased to read that you...更多
慶泰大飯店Gala Hotel,服務溫馨熱情的好旅店,"這次在這飯店住了兩晚，服務人員親切熱情，辦理住退房手續或房間中途清潔都很有效率。房間大小適中、乾淨雅緻、我太太對清潔標準較高又會認床，每次出遊訂房雖然都會仔細挑過，但有時侯一些細節不是每個飯店都會注意到的。這次的經驗很棒，環境符合我太太的喜好，兩夜也都睡得很好，令我很滿意。
另外值得一提的是，因為臨時決定請北部一些親友吃飯，但台...更多","親愛的貴賓 您好:
感謝您此次選擇慶泰大飯店並在百忙中留下您寶貴的意見。
我們很高興得知您對本飯店的服務及飯店房間感到滿意。此次很榮幸讓我們為您提供舒適的住宿環境與專業的服務，同時您給予飯店的鼓勵與讚美是我們進步的原動力!全體員工會更加努力為每一位貴賓提供更優質的服務、舒適的住宿環境以及值得回憶的體驗.
衷心地期待 您的再度光臨...更多"
慶泰大飯店Gala Hotel,價額不實人員不專業,"台灣本國人訂房、外國人訂房、網路上訂房、線上訂房、訂房網站訂房、旅展買的房、價錢大不同，櫃檯人員及訂房人員無法處理就往外推，跟消費者玩文字遊戲把消費者當笨蛋，真的很糟糕
櫃檯、櫃檯值班經理及訂房人員教育訓練需有待加強，辦事效率低，處理方式及態度不專業，人員素質真有待加強。","親愛的貴賓 您好:
感謝您此次選擇慶泰大飯店並在百忙中留下您寶貴的意見。
此次很抱歉造成您的不便，我們會通知相關單位主管，努力提供舒適住宿體驗。
再次感謝您的蒞臨。

慶泰大飯店
禮賓接待部"
慶泰大飯店Gala Hotel,高水準服務好老牌飯店,老牌飯店，不斷維持在星級飯店的水準，服務相當出色，一進門就被親切的迎接，整個心情都好了起來，日本旅客相當青睞慶泰飯店，房間內部整修過，雖然空間比較小，但住起來是舒服的，浴室不但乾濕分離也有免治馬桶，也希望未來能體驗更大的床鋪，酒店離行天宮站很近。,"親愛的貴賓 您好:
感謝您此次選擇慶泰大飯店並在百忙中留下您寶貴的住宿體驗。
我們很高興得知您對本飯店的服務及飯店房間的設備感到滿意。

同時您給予飯店的鼓勵與讚美是我們進步的原動力!
全體員工會更加努力為每一位貴賓提供更優質的服務、舒適的住宿環境以及值得回憶的體驗。

衷心地期待 您的再度光臨!


禮賓接待
安部真理子"
慶泰大飯店Gala Hotel,商品展示會+buffet,廠商的春夏商品展示會辦在這裡，場地非常明亮舒適，餐點多樣化而且好吃！地點又近捷運行天宮站，是商務需求的最佳選擇。,"親愛的貴賓 您好:
感謝您此次蒞臨慶泰大飯店並在百忙中留下您寶貴的意見。
我們很高興得知您對本飯店的服務感到滿意。
希望您的再次蒞臨。"
天成大飯店Cosmos Hotel TAIPEI,地理位置和服務都很棒,這個位置無與倫比。離台北站非常近，附近有許多商店、餐廳、麵包店和咖啡館。一樓的Burger Lab供應美味的漢堡。我們的家庭房（有兩張雙人床）寬敞舒適。有浴缸。從登記入住到禮賓，再到退房，服務都很好！有三部電梯，所以在等待電梯時不會有問題。再來台北時一定會回來這裏！更多,Thank you for taking your time to share your feedback with us. We are so pleased to learn that you...更多
天成大飯店Cosmos Hotel TAIPEI,台前服務及管理優良,進入天成酒店便看見前台，他們主動問候和看看我們有什麼須要，勤力服務態度，令人十分欣賞他們。他們的笑容可加，每個服務員每時每分都把笑容掛在臉上，像一朵美麗花盛放，令人看起來十分可愛和親切。更多,"親愛的貴賓 您好

感謝您再次選擇入住台北天成飯店，我們非常期望每一位到訪的旅客都能盡情的享受在台北歡樂旅遊時光，台北天成飯店的每位服務人員會非常熱情提供最貼心的服務，讓每一位入住的旅客都賓至如歸的感覺。
謝謝您給與我們前檯服務人員服務的肯定與鼓勵，同時，我們也非常感謝您分享在天成飯店的住宿體驗，您給予整個團隊的支持與讚美都將讓...更多"
天成大飯店Cosmos Hotel TAIPEI,位置優越的天成飯店,很久没來天成飯店了，今天再次拜訪很喜歡大廳乾淨高級的歐洲風味，因為這家飯店剛好在台北車站旁，以後會再次來消費。更多,"親愛的貴賓您好:

感謝您給予寶貴的意見。台北天成大飯店一直以提供客人優質的服務為主要目標。很榮幸同仁的細心服務能深受您的喜愛，我們深感榮幸。誠摯感謝您特地撥空留言，非常榮幸獲得您對飯店的鐘愛，期望有機會能再為您服務，您的滿意就是對我們工作的肯定，天成飯店全體同仁竭誠歡迎您再度光臨。


敬祝 平安順心

Kenny Ho 何梓...更多"
天成大飯店Cosmos Hotel TAIPEI,舒適溫馨的天成飯店,今天和媽媽來天成飯店，很喜歡這家飯店溫馨又典雅的妝潢，飯店服務人員很親切又漂亮，以後會再來這裡住宿和消費。更多,"親愛的貴賓您好:

感謝您給予寶貴的意見。台北天成大飯店一直以提供客人優質的服務為主要目標。很榮幸同仁的細心服務能深受您的喜愛，我們深感榮幸。誠摯感謝您特地撥空留言，非常榮幸獲得您對飯店的鐘愛，期望有機會能再為您服務，您的滿意就是對我們工作的肯定，天成飯店全體同仁竭誠歡迎您再度光臨。


敬祝 平安順心

Kenny Ho 何梓...更多"
天成大飯店Cosmos Hotel TAIPEI,整體品質絕佳,"位在台北車站旁，交通非常方便，甚至不用一分鐘就可走到捷運3號出入口。
工作人員非常有禮貌。雖然是比較舊式的飯店，但是房間非常乾淨，床鋪柔軟。
當天還獲得升等的套房式房間，還有大浴缸，覺得非常好。
下次有機會絕對會再拜訪。更多","親愛的貴賓您好:

感謝您給予寶貴的意見。台北天成大飯店一直以提供客人優質的服務為主要目標。很榮幸同仁的細心服務能深受您的喜愛，我們深感榮幸。誠摯感謝您特地撥空留言，非常榮幸獲得您對飯店的鐘愛，期望有機會能再為您服務，您的滿意就是對我們工作的肯定，天成飯店全體同仁竭誠歡迎您再度光臨。


敬祝 平安順心

Kenny Ho 何梓...更多"
"福容大飯店 台北一館Fullon Hotel Taipei,Central",酒店房間的美景,我們在浴室窗口看到了標誌性的台北101酒店房間的美景，距離最近的地鐵站8分鐘，酒店位置非常好，因為您可以輕鬆到達任何景點，當我們再次到台灣旅行的時候，我們一定會再次入住這家酒店更多,"Dear Mr./Mrs./Miss. mariel c     ,
Thank you very much for choosing Fullon Hotel Taipei, Central and taking your valuable time...更多"
"福容大飯店 台北一館Fullon Hotel Taipei,Central",CP值很高的飯店,房間內的設備很完整，浴室裡有免治馬桶及浴缸，飯店裡也有游泳池，比較可惜的是入住時是11月因此游泳池關閉，早餐的菜色很豐盛。,"親愛的Nicole K 您好
謝謝您選擇入住 福容大飯店台北一館，很感謝您特別撥冗分享您的寶貴經驗，感謝您在住宿期間，對於我們館內房間及各項服務給予肯定，您的意見及分享除了給予我們鼓勵外，亦將作為我們持續進步的依據及方向，福容大飯店台北一館衷心期盼您再次光臨，謝謝 
敬祝美好的一天！
福容大飯店台北一館"
"福容大飯店 台北一館Fullon Hotel Taipei,Central",很不錯的地點,就在建國花市對面，鬧中取靜。離捷運站有點遠，離公車站也有點距離。乾淨，小巧，整體來說CP值高。唯一可惜的是大廳往地下一樓的樓梯有一股腥味。,"親愛的Wang R貴賓
謝謝您選擇入住 福容大飯店台北一館，很感謝您特別撥冗分享您的寶貴經驗。
很抱歉此次入住公共區域清潔部分未能達到您的期望，造成不便敬請見諒，您所給予的意見，我們定會進行檢討及改進，竭誠期盼未來能有機會再次為您服務，並請繼續給予我們支持與鼓勵。
敬祝美好的一天！福容大飯店台北一館"
"福容大飯店 台北一館Fullon Hotel Taipei,Central",離捷運有點距離,福容一館剛好在大安站跟忠孝復興站中間，必須得走10分鐘左右的車程，飯店裡面維護的算是不錯👍乾淨用心家族旅遊可以考慮裡面很寬敞,"親愛的Luna W
謝謝您選擇入住 福容大飯店台北一館，很感謝您特別撥冗分享您的寶貴經驗，感謝您在住宿期間，對於我們館內房間及各項服務給予肯定，您的意見及分享除了給予我們鼓勵外，亦將作為我們持續進步的依據及方向，福容大飯店台北一館衷心期盼您再次光臨，謝謝 
敬祝美好的一天！
福容大飯店台北一館"
"福容大飯店 台北一館Fullon Hotel Taipei,Central",房間安靜舒適，衛浴設備乾淨,第一次入住市區的福容飯店原本是打算使用他們的露天泳池，但是自己大意沒有先問清楚開放時間（5/1才開放），但小朋友在浴缸泡澡也是很滿足的。外出帶小朋友去大安森林公園玩耍後再去永康街用餐，都很方便。早餐內容雖然不算非常多元，但是口味都挺不錯的。10樓房間的視野很好，雖然位置鄰近建國高架橋，但是隔音非常好，裡外都沒有噪音（隔壁房門開關...更多,"親愛的AlbertHung貴賓
謝謝您選擇入住 福容大飯店台北一館，很感謝您特別撥冗分享您的寶貴經驗，感謝您在住宿期間，對於我們館內房間及各項服務給予肯定，您的意見及分享除了給予我們鼓勵外，亦將作為我們持續進步的依據及方向，福容大飯店台北一館衷心期盼您再次光臨，謝謝"
台北君品酒店Palais De Chine Hotel Taipei,交通方便且服務品質好的酒店,房間寬敞，交通方便，服務周到，特別多謝服務員Con.Nick貼心服務，唯西餐飲的品質有改善空間，下次到台北還會再次入住。,
台北君品酒店Palais De Chine Hotel Taipei,交通方便且舒適的酒店,"酒店職員 Albert Huang 和 Eric (Duty Manager) , 他們的超水準服務, 令我對此酒店有另一番感受, 房內電視音響效果很好 , 酒店位置及商場地副美食廣場之方便, 我會再次選擇此酒店為我每次到台灣之首選!",
台北君品酒店Palais De Chine Hotel Taipei,非常棒，滿意。,服務好，環境創適。在台北車站附近，地點位置好。房間光線不太足，但是設計風格時尚，是我比較喜歡的風格。更多,"親愛的bettyl209您好，歡迎您蒞臨下榻君品酒店。
謝謝您特別給予我們酒店便利的交通位置、整體的設計風格以及舒適的住宿環境肯定。我們將會秉持提供更完善的服務品質和安全舒適的居住環境給每位蒞臨君品的貴賓，衷心期待往後您的台北之旅都能選擇君品，讓我們再度為您帶來一次次美好的住宿餐飲體驗。
敬祝 美好的一天！
總經理 葛禮祺 Li...更多"
台北君品酒店Palais De Chine Hotel Taipei,一流的酒店,"酒店位置方便，房間舒適，服務人員友善，早餐美味選擇多樣。我和家人都覺得十分滿意，完全找不到可挑剔的地方，下次去台北旅遊一定會再選擇君品。
十分感謝服務員Miyu的招待，甜美可愛又友善，令我們更喜歡這一間洒店。更多","親愛的MLeung831您好，歡迎您蒞臨下榻君品酒店。
很開心得知您在君品與我們度過了美好的時光！謝謝您對於我們飯店地理位置、舒適的客房以及多樣化的早餐選擇的肯定，也謝謝您特別對於我們專業周到的服務人員Miyu讚賞，能夠給予您舒適完善的住宿體驗是我們一直不斷追求的目標。衷心期待您不久的將來可以再次於君品與您見面，讓我們為您提供更...更多"
台北君品酒店Palais De Chine Hotel Taipei,很棒,"從一開始大門迎接就讓人覺得很親切
出入都會有貼心閒聊還有親切的微笑
房間很舒適
搭配著窗外的夜景覺得很放鬆
早餐種類很多也很好吃
大櫃在退房時親切的詢問著住的習慣嗎
讓人覺得窩心^___^
讓人下次還會再來","親愛的5433123您好，歡迎您蒞臨下榻君品酒店。
很開心得知您喜愛我們酒店舒適的客房、多樣化的早餐餐點選項，也謝謝您特別給予我們熱情周到的服務人員讚賞，有您的肯定是我們的榮幸。衷心期待您往後的台北之旅都能選擇君品，讓我們再次為您提供美好的住宿餐飲體驗。敬祝美好的一天！
總經理 葛禮祺 Licinio Garavaglia"
日勝生加賀屋國際溫泉飯店Radium-Kagaya,傳統日式温泉飯店,非常傳統的日式温泉飯店，招待十分細心，房間很大，有一點老氣但維持得很清潔乾淨。房間內有足夠二人同用的温泉，很舒適！早餐是最令人驚喜的部分，豐富得不得了，日式中式西式甚麼款式都有，味道也很好，非常推薦這間飯店！,
日勝生加賀屋國際溫泉飯店Radium-Kagaya,還會讓我想再度照訪的溫泉飯店~,"這次是為了慶祝我與老婆的結婚紀念日,所以特別選擇了北投加賀屋,再來住之前,我已經住過能登的加賀屋,所以心理有些許的期待,從開車到達門口的接待,到大廳辦理住房,還有管家的貼心服務都讓我覺得窩心,尤其要特別提到為小朋友準備的餐點我兒子誇讚不已,而飯店準備的和服與浴衣讓我們在北投公園裡拍下了很多很棒照片,雖然北投加賀屋比起能登加賀屋來...更多","親愛的貴賓您好:
感謝您選擇日勝生加賀屋溫泉飯店，並且給予我們正面的評價，對於我們來說真的是莫大的鼓勵並且感到十份榮幸及高興。
能讓您重溫去日本加賀屋的感動，是我們的光榮！我們最引以為傲的正是「從硬體到軟體通通跟日本加賀屋一樣，唯一的不同就是『我們會講中文』！！！」
期待您的再次光臨，我們在暑假期間會有日本廟會的經典遊戲攤位，歡...更多"
日勝生加賀屋國際溫泉飯店Radium-Kagaya,在這家酒店泡溫泉真是太棒了,這是我第三次住這家酒店了，因為溫泉非常好。水很清澈，溫度剛剛好。 提供的食物總是美味可口，酒店的員工都很友好和樂於助人。這家酒店的氛圍讓你感到很放鬆。房間寬敞舒適。如果你不想去公共浴室，你可以在房間里有自己的溫泉。更多,"Dear Guest

Thank you for leaving this nice comment after your recent trip at our Hotel. 
We are glad that...更多"
日勝生加賀屋國際溫泉飯店Radium-Kagaya,日式風味濃厚,一間我感覺很棒的酒店，一下車便有6位穿和服的服務員迎接我們下車，行李都幫我們直接拿好，check in 之後還帶我們入房講解每一樣細節，這裡除了提供點心，還有免費汔水啤酒，房子很大，且浴室內的温泉也不錯這裡還有大衆湯，是男女分浴可以試下，房內的浴衣可以穿去6樓的日本的庭園拍照，感覺很特別，隔天早上的早餐是自助的，有刺身，壽司，點...更多,"親愛的貴賓您好:
感謝您選擇日勝生加賀屋溫泉飯店，並且給予我們正面的評價，對於我們來說真的是莫大的鼓勵並且感到十份榮幸及高興。
除了本館的白磺泉可以使用外，周一至周四入住，還可以免費使用別館新秀閣飯店的青磺泉大眾湯唷，青磺泉全世界只有日本玉川及台灣的北投有，非常的稀有珍貴，歡迎蒞臨享受喔~~
期待您的再次光臨，並且繼續給予我們意..."
日勝生加賀屋國際溫泉飯店Radium-Kagaya,心得越打越生氣,"可能價錢的關係，或是我期待太高了。服務感覺都沒有到位，服務生年紀都很輕，訓練不足，吃個飯外場交頭接耳慌慌張張，還端著菜問我們這個這道有沒有吃過了？這是加賀屋還是一般的家庭餐廳？
接待管家和櫃檯也交接不清楚，我們訂了2間1間大1間小，不解開始為何把我們帶到小房間，加床也是鋪在較小的房間。
加賀屋這種等級的溫泉飯店，晚上10點房間冷...更多",您好，我是管家部教育領班-梢，對於您本次選擇加賀屋入住卻不符您的期待，我們深感愧疚與抱歉，您所指出的不周全之處，我們已進行相關討論並改善中。我們希望能親自與您聯繫表達對您的感謝，並更進一步了解詳細狀況及需要改進之處，如果您方便，希望您能私下提供您的聯繫方式至kitten1155@kagaya.com.tw。再次感謝您撥出寶貴的時...
寒舍艾麗酒店Humble House Hotel Taipei,地點讚服務優,在信義誠品的樓上，入口不好找，大廳在6樓，服務人員親切有禮，景觀很好，可以俯瞰市景；地點很好，到101、三越、世貿都很方便，很適合愛逛街和商務出差的人。,
寒舍艾麗酒店Humble House Hotel Taipei,舒適整潔推介,酒店房間清潔舒適，地點非常方便，鄰近地鐵和多座新光三越百貨。早餐食物選澤多，床大房間大，是個不錯的選擇。,
寒舍艾麗酒店Humble House Hotel Taipei,會再入住,酒店地理位置非常好，交通方便，幾分鐘就到捷運站，附近有百貨公司，方便逛街。房間舒適寬敞，在高層的好處是可以看到101。,
寒舍艾麗酒店Humble House Hotel Taipei,棒,住過一次真的會上癮！房間很乾淨，而且地點位置非常的方便，走出去就是信義區可以逛街買衣服看電影，cp很高！,
寒舍艾麗酒店Humble House Hotel Taipei,晨早被抹窗弄醒,"非常方便，但價錢跟品質不合常理，祗是位置優越。
1.電插頭🔌鬆散不會正常使用
2.浴缸🛀過高，小心滑到
3.晨早6:15在本人入住24樓之上天台設吊櫃洗抹外牆玻璃；簡直是匪夷所思的發生在這項收費的酒店房間
4.職員有善，但是否定以上有投訴
總結經驗不會再次入住",
北投老爺酒店Hotel Royal Beitou,服務不錯，食物CP值高,當天是生日慶生，但因為有事要晚到30分鐘，店員很貼心的幫我們保留，並建議我們先點餐，因此到了之後菜很快就上了，幾乎不用等，也不怕超過點餐時間，非常感謝，叻眼牛排非常好吃，推薦大家來慶祝,親愛的LinJ501貴賓您好，感謝您對北投老爺酒店PURE法式餐廳給予肯定的評價。我們很高興得知您對餐廳的服務感到滿意，我們會繼續努力，並期待您有時間歡迎常回來走走。 再次謝謝您的鼓勵！ 敬祝 平安順心 北投老爺酒店 敬上
北投老爺酒店Hotel Royal Beitou,法式餐廳,業者在今天十月溫泉季推出的餐卷，所註明的套餐餐單項目，在12月就馬上更換菜單，明顯品質、份量都大大縮減，餐廳內白色座椅，多處污漬，經反應，並沒有更汰，對於五星！對於自稱國際級飯店，深感遺憾！！！更多,親愛的Chandler777貴賓您好，感謝您光臨北投老爺酒店，更感謝您不吝於提出您的建議給予敝飯店能進行相關缺失改進的機會。PURE法式餐廳秉持採用當季新鮮蔬果作為料理特色，因此10月份提供當季菜單，而12月份已更換為新的菜單，關於料理品質、份量與座椅清潔問題我們已轉相關部門做進一步的檢討並改善。再次謝謝您讓我們注意到這些事情，...更多
北投老爺酒店Hotel Royal Beitou,部份再強化會更好,"泡湯區高溫區之標示度數似乎故障未維修,服務人員巡邏時應加強注意餐點描述可加強,例如秋蟹沙拉文字讓想像與實品落差頗大",親愛的Maps54148062035貴賓您好，非常感謝您與我們分享寶貴的體驗和意見，湯池上方溫度顯示皆以出水孔溫度為主，冷熱池湯區旁皆有懸掛溫度計提供貴賓參考正確溫度數值；另已轉告相關部門也將會再加強餐廳同仁服務。期待您光臨並再次為您服務。 敬祝 平安順心 北投老爺酒店敬上
北投老爺酒店Hotel Royal Beitou,作為一個溫泉愛好者,這次旅行的第二晚我們住在皇家酒店。房間很大很乾凈！有適合情侶享受室內浴缸。早餐很美味！公共溫泉區雖小但足夠好！非常靠近火車站。更多,"Dear Julia:
Thank you  very much for your nice comments about your stay,we are looking forward in hosting you again...更多"
北投老爺酒店Hotel Royal Beitou,值得再去的好餐廳,此次帶父母去純法餐廳午餐.感覺主廚對食材和食物烹煮擺盤的用心.不僅讓人視覺充分享受.也滿足了味雷.最重要老人家吃得舒服開心.會一去再去的好地方,"親愛的taichung136貴賓您好, 很高興得知您對餐廳的服務及餐點感到滿意，我們會繼續努力，並期待您有時間歡迎常回來走走。 再次謝謝您的鼓勵與讚許！敬祝 平安順心 北投老爺酒店 敬上"
台北有園飯店U HOTEL TAIPEI,房間很大，酒店位置不算方便,酒店很貼心，一進房間有兩件鳳梨酥很好吃，房間很大，有很多空間能放兩個行李箱，床也很舒適很大，是次是住兩張床的房間。浴室和廁所是分開的，而且浴室有浴缸，很大不過沒有使用。大堂的職員也很有禮，不過酒店位置不算方便。位於商業區，但是對面也有便利店。,
台北有園飯店U HOTEL TAIPEI,1505房浴室地板設計不良。績水沒退過,浴室洗手檯下方雖然有排水孔。但是坡度根本沒設計好。績水超嚴重的。直到退房前。只要進浴室。腳就必須要泡在水裡。還要住意滑倒。我有帶剛滿月的小朋友。網友口中的親子飯店不該是這樣的！,"親愛的貴賓您好： ​感謝您選擇下榻台北有園飯店，並與我們分享您的住宿體驗 
造成您的住宿不悅， 我們深感抱歉，目前已開始進行浴室空間設備調整 ，再次為您致上最高歉意
並祝您有美好的一天，並期待您下次蒞臨。 台北有園飯店 敬上"
台北有園飯店U HOTEL TAIPEI,非常棒!,整體非常棒!房間空間大.浴室大.又有窗戶.裝潢跟擺設非常不錯.讓人很放鬆!唯三缺點:1.吹風機風量太小且風不夠熱.2.電視頻道太少.3.枕頭雖然有兩個.但一個軟一個硬.都很難睡....,"親愛的貴賓您好： ​感謝您選擇下榻台北有園飯店，並與我們分享您的住宿體驗， 同時我們已將您寶貴的意見回饋予相關部門，您的建議是促使我們進步的原動力，期待能有機會再次為您服務。 

台北有園飯店 敬上"
台北有園飯店U HOTEL TAIPEI,很舒服的住宿體驗,"地點便利,房間又大又漂亮,辦公或參加任何會議都方便,以前住過幾次,再次回來住又變的更便利了,現在還會放可以上網的行動電話在房間內供房客使用,非常便利，這次打電話去訂房還送了一組很棒的旅行組","親愛的貴賓您好：

感謝您選擇下榻台北有園飯店，並與我們分享您的入住體驗，我們一直致力於提升旅客的服務品質，很高興能獲得您的喜愛及推薦，祝您有美好的一天，並期待您下次蒞臨。

台北有園飯店 敬上"
台北有園飯店U HOTEL TAIPEI,交通便利，乾淨舒適的飯店,"櫃檯人員親切，房間乾淨明亮，空間頗大。浴室乾溼分離，還有浴缸可泡澡。
交通也方便，雖然距離捷運站有點距離，但並不遠。還不錯!!","親愛的貴賓您好：
感謝您選擇下榻台北有園飯店，並與我們分享您的入住體驗，我們一直致力於提升旅客的服務品質，很高興能獲得您的喜愛及推薦，祝您有美好的一天，並期待您下次蒞臨。

台北有園飯店 敬上"
台北中山雅樂軒酒店Aloft Taipei Zhongshan,"床鋪超舒服的呼風樂窩雙人房, 可以再臭臉一點的櫃台人員.","Dec.13,2018 第一次入住, 在易遊網eztravel 訂了呼風樂窩雙人房, 附有浴缸.
地點很好,靠近中山國小捷運站出口1, 鄰近雙城街夜市 超多好吃的小吃. 
整個房間設計的很流行也很方便.房間本身空間很足夠, 廁所和洗澡間是分開的.
床鋪超舒服,可能對有些人來說是比較軟一點. 我覺得剛剛好.
17樓的wxyz吧,簡...更多","親愛的98wendieh, 您好!

衷心感謝您於台北中山雅樂軒酒店入住並與我們分享您寶貴的住宿體驗。

我們非常榮幸酒店地理位置、乾淨舒適的樂窩客房與附近具有美食特色的雙城夜市感到非常滿意。針對您提到的問題，我們會持續加強對人員的訓練及系統的加強，致力提供更符合甚至能超越客人期望的服務。在此也特別謝謝您不吝指點，您對我們的指教...更多"
台北中山雅樂軒酒店Aloft Taipei Zhongshan,住宿經驗佳～,已經是第二次入住，服務和上次一樣好～兩次都比較晚才入住，剛好都是Jacky在櫃檯協助辦理手續。非常貼心的幫忙把冷氣溫度調好，也告訴我們白天可以去附近的哪些地方走走看看～有需要下次還會入住！更多,"親愛的AgnesL1212,

衷心感謝您再次於台北中山雅樂軒酒店入住並與我們分享您寶貴的住宿體驗。

我們非常榮幸得知酒店的服務能獲得您的肯定與讚賞。

我們也會分享您對Jacky 的讚許，同時，台北中山雅樂軒酒店的全體員工將會帶著您的支持與鼓勵，繼續創新服務，以期帶給更多選擇台北中山雅樂軒酒店的好朋友們美好開心的回憶。

期...更多"
台北中山雅樂軒酒店Aloft Taipei Zhongshan,賓至如歸的住宿,"與老公說走就走的小旅行,選了交通方便,價錢合理的Aloft,櫃檯人員JACKY服務真的很貼心,請他推薦玩的,吃的,都安排得很好!讓我們一個很開心的小旅行,真的太謝謝他了!",
台北中山雅樂軒酒店Aloft Taipei Zhongshan,萬豪集團中較年輕的品牌,適合年輕人的商務特色旅館，晚上都有happy hour，周末會有DJ或是歌手來演唱，還蠻適合周末兩天一夜小旅行，地點離捷運站也蠻近的。更多,"親愛的Climber775014, 您好!

衷心感謝您於台北中山雅樂軒酒店入住並與我們分享您寶貴的住宿體驗。

我們非常榮幸得知酒店便利的地理位置以及W XYZ Bar的音樂表演都能獲得您的肯定與讚賞。
酒店所在的位置鬧中取靜，同時也便利房客搭乘捷運往返各地。晴光夜市周邊還有不少精彩的吃喝玩樂點待您發掘，我們的迎賓櫃台同仁將非...更多"
台北中山雅樂軒酒店Aloft Taipei Zhongshan,簡單具文創風格的飯店,位置算方便，附近有捷運站。離雙城美食街很近，有小吃可以嘗試。房間不算大，但不顯擁擠。備品也蠻好用的。早餐很不錯，在17樓，可以欣賞到陽光，也有戶外露台可以選擇，餐廳服務人員態度親切。更多,"親愛的eyeseeworld, 您好!

衷心感謝您於台北中山雅樂軒酒店入住並與我們分享您寶貴的住宿體驗。

我們非常榮幸酒店房內的備品、頂樓餐廳的早餐、員工態度及舒適的戶外露臺能獲得您的肯定與讚賞。
酒店所在的位置鬧中取靜，同時也便利房客搭乘捷運往返各地。晴光夜市周邊還有不少精彩的吃喝玩樂點待您發掘，我們的迎賓櫃台同仁將非常樂...更多"
全國大飯店Hotel National,價格實在的商務飯店,"交通相當方便，離高鐵接駁車站及BRT車站都很近。附近也有百貨公司跟商圈。
房間較為老舊，但是有無線網路，可惜沒有浴衣。
服務人員態度都不錯。",
全國大飯店Hotel National,早餐非常豐盛,花博期間造訪，這個地點充分展現了在地點上的優勢。房間住起來算是舒適，早餐很豐盛尤其令人滿意，推薦給大家。,
全國大飯店Hotel National,精緻又用心的老牌飯店,"雖然這家飯店老了，
可是它的服務品質完全不受影響，
每一個細節都很用心，
所以餐飲品質讓人眼睛為之一亮，
住宿很溫馨又舒適！
地理位置超好，
就在草悟道上，
勤美術館旁喔！",
全國大飯店Hotel National,早餐好吃😆,"臺中的老牌飯店，房間設備一般、但乾淨，但以一晚2600元左右的價格，覺得稍嫌不足。
早餐選擇多樣，除了一般的buffet，還有現煮歐姆蛋、鹹粥等，非常豐富。",
全國大飯店Hotel National,台中的高級飯店,這家飯店經營悠久但還是非常受歡迎，經常有外賓入住這裡，位置在台中市區，台灣大道旁，下午茶是許多人來此光顧的原因。,
通豪大飯店Plaza International Hotel,物超所值的平價飯店,雖然是老飯店，但整體而言，乾淨舒適空間寬敞交通便利，服務週到，飯店內還有健身房可以使用，訂房時也可以選擇是否使用早餐，對於不想早起用餐的人到是可以節省一些開銷，整體上還算不錯，是可以選擇的飯店。,
通豪大飯店Plaza International Hotel,性價比高,"位於台中的通豪大飯店,從其外貌便可感受到它昔日的風彩,雖然失去宏偉漂亮的外表，但仍保留著宽敞及清潔的房間，四周還有食店,交通方便，性價比極高｡",
通豪大飯店Plaza International Hotel,台中比較大型的酒店,相對台中的酒店而言，這酒店的規模是比較大的了，房間及樓層也很多。但感覺是有點兒陳舊了。房間尚算衞生清潔。也有些時候做特價優惠。,
通豪大飯店Plaza International Hotel,名不符實的老星級飯店,曾經是台中的高檔星級旅館，但如今處處可見歷史的痕跡，徒有氣派的外觀內部則是老舊到讓人搖頭，一進入飯店大廳就聞得到複雜的氣味，給人不夠乾淨清潔的印象，飯店內多間餐廳和泳池設備為了節省開銷也已收攤不提供使用。唯一值得肯定的是櫃檯服務人員態度親切，且房間內的設施維護的還算不錯，但天花板可見到水漬，已掩不住飯店老舊的樣貌了。早餐還算可以...更多,
通豪大飯店Plaza International Hotel,經濟實惠的星級旅館,飯店歷史雖然悠久，但是房間坪數大，遠超過一般設計旅店，早餐一般，應有需多改善空間，例如烤麵包機數量少須排隊，以價位平實而言，蠻適合全家旅行台中的經濟住宿。,
長榮桂冠酒店(台中)Evergreen Laurel Hotel (Taichung), 2017除夕夜活動安排差,接近凌晨凌時除夕夜活動，搶汽球禮物時十分混亂，人群中混入很多非住客人士，相比住客還投入地搶酒店禮物， 小孩們差點摔倒，下次要準備保護装束或者以後不敢再去了!,
長榮桂冠酒店(台中)Evergreen Laurel Hotel (Taichung),充滿人情味的高級大飯店,"2017年跨年期間入住過ㄧ次，
孩子們很喜歡它的房間，設施和服務，
上次訂豪華家庭房，
這ㄧ次升級，
訂闔家套房，
ㄧ張大床兩張小床，
兩個房間，
兩套廁所，
有衛浴設備的那一間浴室，
備品升級為歐舒丹，
兩瓶沐浴膠，兩瓶洗髮精，ㄧ瓶身體乳，ㄧ瓶潤絲精，
誠意滿滿，
迎賓飲料四杯，
可以到大廳吧台喝個小酒，小孩點無酒精飲料，
早...更多",
長榮桂冠酒店(台中)Evergreen Laurel Hotel (Taichung),飯店地點熱鬧,飯店位於台中大道2段，走路到新光百貨或台中大遠百約要15-20分鐘，算是有點距離。飯店最近有在做外牆及游泳池的整修，有點可惜。飯店地下室停車場有些擁擠且高度不高(因為有灑水管線的關係)，但房間非常寬敞(四人房)，床也很舒服。,
長榮桂冠酒店(台中)Evergreen Laurel Hotel (Taichung),服務人員很有禮貌,"台中長榮桂冠酒店位在台灣大道, 距離交流道很近地點位置還不錯, 飯店房間設備較老舊但非常寬廣, 早餐選擇種類多還不錯, 服務人員很有禮貌, 是一家不錯的酒店。",
長榮桂冠酒店(台中)Evergreen Laurel Hotel (Taichung),不錯但有些不足,我是在這裏做生意的。不幸的是，Wifi不穩定，因此導致在互聯網通話中會一些間歇性的中斷。早餐區非常小，所以如果你們是一個旅行團去的話，它可能會讓你很失望。不過值得安慰的是房間是乾淨的。,
台中福華大飯店Howard Prince Hotel Taichung,老字號的國際飯店,福華飯店是台灣老字號的飯店，在台灣各處都有分館。台中福華大飯店在國道一號高速公路台中交流道附近，往東海大學的方向。離熱鬧的台中七期百貨公司還有一段距離，離台中火車站就更遠了，適合開車前往。飯店早餐相當豐盛，中西式的餐點都有，飲料吧跟甜點都很齊全。,"親愛的WilsonWu，您好 

感謝您選擇入住台中福華大飯店，並願意在此分享您美好的住宿體驗，提供您優質的餐旅服務是我們的首要目標。

在您的鼓勵下，我們會持續進步並且提供更完美的服務，期待您的再次蒞臨，希望未來還能有機會為您服務。

敬祝，幸福洋溢，平安喜樂。 

台中福華大飯店 敬上"
台中福華大飯店Howard Prince Hotel Taichung,老舊，過時，效率低下,辦理入住手續特別慢，似乎更青睞外國人，而不是長相是亞洲面孔的顧客。設施陳舊。即使是自動調溫空調也需要5分鐘才能工作。我再也不會在這裏住了!可能更適合旅行團類型的客戶。酒店是由本地供應商選中的，所以不是我下次旅行的選擇……更多,"Dear Alvin_Tan,

Thank you choosing Howard Prince Hotel Taichung , and taking your valuable time to write this review. Regarding...更多"
台中福華大飯店Howard Prince Hotel Taichung,商務會議好地方,此次是到5樓會議室參加醫學研討會，感覺很棒。投影設備和音響都不錯，所附的點心和水果也不錯。這裡離交流道近，離高鐵烏日站10來分鐘車程，本身附屬停車位也多，是商務會議好地方。,"親愛的wang2383，您好 

非常感謝您抽空在Tripadvisor上分享您此次的經驗，在您的鼓勵下，我們會持續進步並且提供更完美的服務，期待您再次蒞臨，謝謝您！ 

敬祝，幸福洋溢，平安喜樂。
台中福華大飯店 敬上"
台中福華大飯店Howard Prince Hotel Taichung,美麗台中,"第一次的家庭旅行 獻給了福華 
美好的住房體驗 美麗的窗外風景
下次再去台中玩 一定會再次入住的
希望下次能多住幾天 享受飯店的午餐 晚餐","親愛的Departure688436，您好 

感謝您選擇入住台中福華大飯店，並願意在此分享您美好的住宿體驗，提供您優質的餐旅服務是我們的首要目標。

在您的鼓勵下，我們會持續進步並且提供更完美的服務，期待您的再次蒞臨，希望未來還能有機會為您服務。

敬祝，幸福洋溢，平安喜樂。 

台中福華大飯店 敬上"
台中福華大飯店Howard Prince Hotel Taichung,安靜舒適的飯店,位於逢甲夜市及東海夜市的中間.不管你要去夜市體驗或到市府周邊百貨公司閒晃都是很好到達.離統聯客運中港轉運站也是非常近.客房設施及餐點也是不錯.,"親愛的忠健 鄭，您好 

感謝您選擇入住台中福華大飯店，並願意在此分享您美好的住宿體驗，提供您優質的餐旅服務是我們的首要目標。

在您的鼓勵下，我們會持續進步並且提供更完美的服務，期待您的再次蒞臨，希望未來還能有機會為您服務。

敬祝，幸福洋溢，平安喜樂。 

台中福華大飯店 敬上"
台中金典酒店The Splendor Hotel Taichung,酒店位置優，但是房間略嫌老舊了,"酒店位置優良，附近有科博館，對面有百貨公司。酒店下面就有可以逛的商場，咖啡館，餐廳等等。但是酒店內部的設施老舊，與一般新的酒店比起來，實在是落後許多，三溫暖設備也需要更新了。裡面有很多收年費的會員在泡湯，覺得擁擠！整體而言, 再度造訪意願不高。","您好，感謝您選擇台中金典酒店，對此我們深感榮幸！
同時，也非常感謝您給予我們的建議與肯定，
我們已經將您的建議轉達給相關單位，做為未來設施、設備調整時的參考，並要求單位主管加強部門間溝通以及人員教育訓練，以提升服務品質。
期待在不久的將來，能繼續為您提供更精進、賓至如歸的服務，謝謝。"
台中金典酒店The Splendor Hotel Taichung,位置極佳的五星級的飯店,"金典酒店最讓人讚許的就是location,下面就是金典綠園道商場，購物餐飲都很便利，設施稍微不足五星水準，早餐🥣的菜色不錯，廚師還會很親切的介紹菜色，非常適合攜家帶眷的家庭入住","您好，感謝您選擇台中金典酒店，對此我們深感榮幸！
同時，也非常感謝您給予我們的建議與肯定，
我們已經將您的建議轉達給相關單位，做為未來設施、設備調整時的參考，並要求單位主管加強部門間溝通以及人員教育訓練，以提升服務品質。
期待在不久的將來，能繼續為您提供更精進、賓至如歸的服務，謝謝。"
台中金典酒店The Splendor Hotel Taichung,台灣大道及科博館旁的五星級飯店,高品質的飯店，有免費三溫暖、室外泳池、健身房、wii。房務的服務人員也很親切。附早餐，是吃到飽的自助餐廳，裡面多是台灣特色小吃，應該和主廚經歷有關，但我比較懷念之前的異國美食區。,"您好，感謝您選擇入住台中金典酒店，對此我們深感榮幸！
同時，也非常感謝您給予我們的建議與肯定，
期待在不久的將來，能再繼續為您提供更精進、賓至如歸的服務。 謝謝"
台中金典酒店The Splendor Hotel Taichung,逛科博館首選,"假日的科博館很難找車位，住金典酒店可以把車停在飯店停車場再走過去，底下有綠園道、對面有sogo可逛，是非常方便的首選。

房間維持的程度還不錯，飯店貼心的把兩小床並成一大床，高樓層看到的景色也棒。健身房和游泳池設備多，並有專業教練，只是泳池下雨天就不開放是很奇怪的事。

三溫暖池大，泡的很舒服；早餐樣式多又好吃，有熱心又親切的廚...更多","您好，感謝您選擇入住台中金典酒店，對此我們深感榮幸！
同時，也非常感謝您給予我們的建議與肯定，
期待在不久的將來，能再繼續為您提供更精進、賓至如歸的服務。 謝謝"
台中金典酒店The Splendor Hotel Taichung,還可以的五星,第一次住 但是雖然是五星 但我覺的還差很遠，或許是老飯店了，但人員服務也還好，然後假日早餐爆滿要排隊，也真是難為了⋯⋯,"您好，感謝您選擇台中金典酒店，對此我們深感榮幸！
同時，也非常感謝您給予我們的建議與肯定，
我們已經將您的建議轉達給相關單位，做為未來設施、設備調整時的參考，並要求單位主管加強部門間溝通以及人員教育訓練，以提升服務品質。
期待在不久的將來，能繼續為您提供更精進、賓至如歸的服務，謝謝。"
裕元花園酒店Windsor Hotel,服務人員很親切,位於中港交流道附近的台中裕元花園酒店是一家裝潢典雅設備齊全的飯店，飯店地點很好，從房間窗戶就可看到台中夜景相當漂亮，另外早餐的菜色也非常豐富，值得推薦,"非常謝謝您針對您入住的體驗留下寶貴的意見
也歡迎您在未來旅程安排上
再度給我們服務您的機會
在此也預祝您在接下來的聖誕感恩季節中
能平安快樂

裕元花園酒店ˇ
行銷業務 總監　方雅玉敬上"
裕元花園酒店Windsor Hotel,住的不錯,豪華的酒店，酒店內設有各式餐廳。服務水準高於平均水平，服務員非常友好。房間很好，床也很舒服。早餐服務非常棒，有各個地區的大量美食可以選擇。出差或與家人在一起旅行，這裡是很棒的選擇。更多,Thank you for your very kind review and particularly on praising efforts of our colleagues. Thank you for completing our...更多
裕元花園酒店Windsor Hotel,在台中算是質感跟服務都非常好的酒店,"裕元酒店連近中港交流道,下交流道2分鐘就到了,酒店位置雖然不是位於鬧區,但去其它地方也不會不方便,酒店周圍有星巴克跟麥當勞,泳池很大不是像其他旅店只是小小的而已,克房布置的非常溫馨舒適,早餐用餐環境也很漂亮,另外服務也有一定的水準,我們所遇到的服務員都非常親切  很棒 !!","HI LIU:
非常開心看到您入住的分享及對我們的肯定
裕元花園酒店秉持著貼心服務 以客至上的中心思想
希望能給所有到訪的旅客及饕客全新的感受
在此代表酒店所有員工感謝您的肯定和支持
也由衷的希望能有再次為您服務的機會

今天是七夕情人節 祝您七夕情人節快樂 平安 健康

裕元花園酒店 行銷公關經理 方雅玉 敬上"
裕元花園酒店Windsor Hotel,帶小孩到台中的不錯選擇,"1.早餐菜色豐盛,且提供汽泡水與汽泡酒但感覺保存不佳,氣都泡走了
2.房間舒適,景觀佳,晚上泡澡還可以看電視看夜景,大人也很放鬆
3.有室內游泳池,小朋友玩的超開心(哈,我們是衝著泳池來的),也有救生員,但感 覺空調不佳,大人不下水比較悶.
4.缺點:淋浴間門無法全部密合,水會灑出;夜晚空調似乎會自動變弱,小朋友睡到滿身汗.如果...更多","非常謝謝您針對您入住的體驗留下寶貴的意見
也謝謝您的意見讓我們有改善的機會和調整的空間
也歡迎您在未來旅程安排上
再度給我們服務您的機會
在此也預祝您在接下來的中秋佳節中
能平安快樂

裕元花園酒店ˇ
行銷公關經理　方雅玉敬上"
裕元花園酒店Windsor Hotel,運動休閒與美食料理,台中裕元花園酒店結合運動休閒與美食料理，裕元讓您享更多。體驗裕元沁入人心的服務，不論是商務酬酢或是親友餐聚，猶如置身私人廚房，體驗精緻道地的佳餚和慇勤待客的服務，在重要的時刻，獨享尊榮，備受禮遇。ALFA健身享受的同時運動休閒與溫莎咖啡廳美食料理，擁有健康好氣色。,"首先非常謝謝您對裕元花園酒店的肯定和支持
我們全體同仁因您的肯定備受鼓勵
也感謝您願意分享您住宿的美好體驗
也希望爾後有能為您再次服務的機會
希望裕元花園酒店能在您
未來安排假期時再度獲得您的青睞
在此提早預祝您中秋佳節愉快
裕元花園酒店
行銷公關經理 方雅玉敬具"
台中港酒店Taichung Harbor Hotel,All good ,房間寬敞，16樓視野很好，浴室也很大，還有免治馬桶，重點是床很好睡，櫃台人員和服務中心很熱心推薦我們去花博玩。,
台中港酒店Taichung Harbor Hotel,只能嘆氣,櫃檯林小姐的態度讓人氣了一整天，我忍住不在大廳跟他理論，免得大家都難看，早餐的養樂多服務生堅持只能給小朋友！公司教育的好，完全死守公司的規定，沒關係，要喝我自己去對面7-11買！櫃檯給我的態度讓我決定不再選擇這間飯店了！,
台中港酒店Taichung Harbor Hotel,不亞於5星級飯店的水準。,整體設施與表現頗有水準，人員服務也是親切有禮，不過早餐的選擇性可以再加強些，例如青果蔬菜的熟食類可以增加。,
台中港酒店Taichung Harbor Hotel,住宿,整體從入住到住宿的環境和服務都還不錯 早餐供應充足豐富 房間相當乾淨與安靜 還有小朋友的專屬遊樂設施 價位也不會太高 值得下次再來休息住宿,
台中港酒店Taichung Harbor Hotel,快樂一泊一食中港遊,房間舒適，餐點（早餐）美味，這次入住應已經是第9次以上了吧...服務很棒，不愧是台中港區域唯一星級酒店。可惜此次三溫暖設施保養中，無法享用，唯一遺憾。,
華王大飯店Hotel Kingdom,服務品質賓至如歸,賓至如歸的服務，下次到高雄還會在去住，華王飯店在當地評價也很好，雖然飯店歷史悠久，但環境乾淨，員工素質優，非常值得推薦。,
華王大飯店Hotel Kingdom,地點方便,飯店位置方便，近捷運站，距離愛河好近，附近都有唔少食店，雖然是屬於老舊的飯店，但清潔度不錯，員工親切，wifi都算快,
華王大飯店Hotel Kingdom,真的是老字號的星級觀光飯店,在高雄地區算是有悠久歷史的飯店，當年還是高雄鹽埕區最早的星級國際觀光飯店 ，雖然經過整修 ，但內部裝潢與家具確實有些歷史， 地理位置還算佳，離愛河與駁二藝文特區也算近，交通便利還有飯店自有的停車場，服務人員相當熱誠 。,
華王大飯店Hotel Kingdom,很不錯的酒店,酒店比鄰高雄港，去駁二藝術特區步行十分鐘以內到達，地理位置不錯，早餐品種略少，但是房間不錯，還有健身房洗衣房，服務也比較到位，提點小意見，每日外匯匯率建議及時更新，早晨吃早餐前諮詢人民幣兌換台幣匯率牌上還是1：4.3，吃完早餐更換的時候電腦匯率變成1：4.2，大堂匯率牌還是4.3，會造成不必要的誤會，小小建議希望採納，謝謝,"謝謝您選擇住宿高雄華王大飯店 , 很榮幸能為您服務 , 期待您的再次光臨 !!
針對您提到的外幣兌換匯率 , 在此再跟您深深致歉 , 謝謝您的提醒 , 會再敦促櫃台同仁作業一致 ."
華王大飯店Hotel Kingdom,酒店設施和服務一般的舊飯店,"需在愛河附近, 但我住的11樓只看到一點點愛河. 沒有泳池, 早餐選擇不多,  跟之前住過附近另一家價錢平一點飯店, 但有泳池, 早餐豐富, 比較下性價比太低.","謝謝您選擇住宿高雄華王大飯店 , 很榮幸能為您服務 , 期待您的再次光臨 !!"
華園大飯店Hotel Holiday Garden Kaohsiung,酒店靠近一個小夜市,宏偉的酒店接待處。室內設計不錯。這家酒店有2個翼，非常大。房間很寬敞。 步行不遠便可抵達骯髒的夜市，那裡有許多攤位出售相同海鮮菜肴的。,
華園大飯店Hotel Holiday Garden Kaohsiung,遊愛河與六合夜市的好地方,位置相當不錯，離愛河跟六合夜市也都走路可以到，服務人員的態度都相當熱情，雖然是老飯店了，但是看的出來一直都有在整修，值得推薦。,
華園大飯店Hotel Holiday Garden Kaohsiung,不太差,在我看來，這個酒店很不錯的一點是，步行10分鐘即可到達繁華的夜市。酒店不在繁忙的大街上，但是距離很多有趣景點都很近。房間舒服乾淨。並非所有員工都會說英語，這是一個可以改進提昇的地方。但是總體來說，這裏不算差，物有所值。,
華園大飯店Hotel Holiday Garden Kaohsiung,地方大但設施老化,位置捷運市議會站附近交通方便，附近便利商店較多，接近六合夜市行程七分鐘，房間非常大，雙人雙床房可住四人，夏天泳池可使用但設施開始老化,
華園大飯店Hotel Holiday Garden Kaohsiung,服務好,飯店的地點不錯，有方便的大眾運輸系統，周邊有學校，環境不會吵雜，櫃檯服務人員態度與應對良好，一樓附設有餐廳。更多,"敬愛的貴賓您好:

非常謝謝您的評論，您的正面評價對於華園飯店全體上下是最大的鼓勵。華園飯店一直都致力於提供最完善的服務，和最舒適的環境，我們的地點雖然在市中心，但環境鬧中取靜，是旅程中休息的好地方，一樓的餐廳是早餐廳及旺角茶餐廳，若您下次再次光臨華園飯店，也可以前往品嘗看看我們的港式餐點和港式火鍋。再次謝謝您選擇入住華園飯店，...更多"
漢來大飯店Grand Hi-Lai Hotel,非常推薦的飯店,這次藉由旅展買的住宿優惠劵，來高雄漢來大飯店住宿一夜且享用晚餐海鮮自助餐及早餐自助餐。入住當天滿房，所以櫃檯經理提前讓我們14：00就可以CHECK-IN，非常貼心，不僅讓客人不用等待，也可以加快飯店的作業速度，真的給這位經理一個大大的讚！房間很舒適，視野相當的不錯，晚餐和早餐更是豐富！漢來大飯店真的非常值得來住！補充，飯店離輕...更多,"親愛的貴賓您好：

非常感謝您對高雄漢來大飯店的支持及愛護，並分享您的體驗感想！我們也會因為您的肯定與讚賞而感到光榮，亦會更積極的提供最優質的服務給每一位客人！在此，謹代表漢來大飯店誠摯期待您的再度蒞臨，讓您感受到尊榮的服務品質。

高雄漢來大飯店
客房部門總監 王哲霖謹啟"
漢來大飯店Grand Hi-Lai Hotel,豪華套房,豪華套房40F在Check-in. 位置好可惜房間兩個窗戶看不到摩天輪🎡！只能去電梯的窗看1/3摩天輪。離夢時代3公里。離棧二庫2公里！,
漢來大飯店Grand Hi-Lai Hotel,誇張的服務,"整潔不周
進房開冰箱居然有上個訪客留下來的飲料
浴缸旁有頭髮未清潔
漢來逸居自動報到機服務態度口氣差到極點
下次絕不會再入住漢來飯店",
漢來大飯店Grand Hi-Lai Hotel,瑕不掩瑜、一家值得入住的飯店,房間有不錯的海景，餐廳選擇也多，房務服務好，雖然很有「歷史感」但飯店該有的都沒有缺少，包括USB充電孔。但我對漢來的洗衣服務非常失望，急著要穿的衣服，前一天「客衣服務」答應翌日12點前一定準備好，但到了當天下午一點多都沒有消息，會議差點沒西裝穿開天窗，洗好與否至少一張通知塞門口。這次在該飯店內的弁慶日本料理請客，價格不斐，但品質...更多,"親愛的貴賓您好：

非常感謝您對高雄漢來大飯店的支持及愛護，並分享您的體驗感想!
我們也會參考您的寶貴意見而適時調整改進，亦會更積極的提供最優質的服務給每一位客人!
在此，謹代表漢來大飯店誠摯期待您的再度蒞臨，讓您感受到尊榮的服務品質。

高雄漢來大飯店
客房部門總監王哲霖謹啟"
漢來大飯店Grand Hi-Lai Hotel,"一趟為了慶生的假期
漢來服務果然一流值得體驗","這是一趟期待已久的家庭旅遊
目的是為了另一半的生日慶生
規劃12/15-12/17間入住豪華套房
入住前透過客服悉心的安排
為我們解決許多疑問
來到飯店後特別是櫃檯盧小姐的服務與解答
讓我們都感到賓至如歸
很推薦各位可以來嘗試正港的
漢來服務","親愛的貴賓您好：

非常感謝您對高雄漢來大飯店的支持及愛護，並分享您的體驗感想！我們也會因為您的肯定與讚賞而感到光榮，亦會更積極的提供最優質的服務給每一位客人！在此，謹代表漢來大飯店誠摯期待您的再度蒞臨，讓您感受到尊榮的服務品質。

高雄漢來大飯店
客房部門總監王哲霖謹啟"
高雄福華大飯店Howard Plaza Hotel Kaohsiung,親切的服務，方便的接駁,雖然是老飯店，但是裝潢及設施都維持良好，人員接待也十分親切，唯有因一樓有許多店面商家，如果是從停車場上來會容易找不到辦理入住的櫃檯，如果有指示會更好。客房乾淨舒服，隔日的清潔也很周到，枕頭過軟，如果可以配置一人兩個枕頭會比較理想。這裡有接駁車的服務，能更方便地到達最近的美麗島捷運站，開始一天的旅程。步行約十五分鐘左右可以到達六合...更多,
高雄福華大飯店Howard Plaza Hotel Kaohsiung,很好的五星級酒店,地理位置很好，會議室有很好的視聽系統…房間很寬敞，床很好，風景很美…房間里每天都有水果。早餐很棒，有很多食物和飲料可供選擇…有非常美味的哈根達茲冰淇淋…舉雙手稱讚,
高雄福華大飯店Howard Plaza Hotel Kaohsiung,很棒的住宿經驗,雖然飯店已經有年紀了，但整體維持得很不錯，本次入住的是行政套房，房間相當寬敞，浴室很棒！且這裡的早餐十分用心準備，讓人一早起床就有很好的心情！,
高雄福華大飯店Howard Plaza Hotel Kaohsiung,地點方便服務親切,雖然建築物有點年紀，但客房內部保持相當不錯，沒有太多歲月的痕跡，早餐選擇非常豐富來這邊住可以考慮選擇飯店的早餐。,
高雄福華大飯店Howard Plaza Hotel Kaohsiung,服務很棒,我們只在這住了一晚。但這裏比起我們在台北入住的酒店，服務真的要好很多。酒店房間非常寬敞，視野很棒，可以看到遊泳池和城市。床很舒適，浴室很大，設施超贊。最棒的就是酒店餐廳早餐時的服務，食物品質也無可挑剔。還有有很多口味的冰淇淋可供選擇。我們對這非常滿意。,
寒軒國際大飯店Han-Hsien lnternational Hotel,地點可以。房間比較小，網絡超慢。,"地點距離商圈要步行好遠。附近沒有幾間食店選擇。
入住十五樓大床房，基本装置齊全。房間比同類舊式四,五星酒店小。衛浴裝璜算舊，有基本梳洗用品。
互联網太慢!!!
二樓西餐廳食物貭素中下，不值光顱。",
寒軒國際大飯店Han-Hsien lnternational Hotel,不錯,酒店地理位置比較不方便，車站有點遠，但相對來說是環境清靜舒適，特別是高層風景很好。酒店人員態度有禮 很貼心，會幫忙推行李。,
寒軒國際大飯店Han-Hsien lnternational Hotel,寒軒是優質價位合理內部設施好的飯店,寒軒房間品質高，服務人員親切且周到，房間乾淨，還有有很讚的設施“順美spa”，再做選擇我會來再來消費，有2/3是想來享受“順美spa”的服務。,
寒軒國際大飯店Han-Hsien lnternational Hotel,令人滿意的經驗,"用這麼便宜的價格，享受五星級的住宿，總體感覺很滿意。房間舒適，自助早餐有即點即煮的地道麵線、粥和飯，令人滿意的。
最令人滿意的是這裡的泳池，室內泳池開放時間早上七點至晚上十點，使用者需佩戴泳帽。",
寒軒國際大飯店Han-Hsien lnternational Hotel,舒適乾淨的住宿,"選擇這間飯店也是在高雄算是在我常住的飯店的口袋名單，服務人員親切也能盡量滿足住房客的需求，客房的設計還算寬敞浴室的備品也很充足對於沒有事先準備的盥洗用品都可以滿足需求，價位上因爲是在例假日和平日價格會有些差距這要斟酌ㄧ下！
另外，早餐的豐富性個人覺得尚可，中西式都有但多樣化比較沒那麼豐富，小孩在吃的選擇就比較要增加，整體來看都在...更多",
麗尊大酒店The Lees Hotel,可以在加油改善！,很不錯！飯店人員很貼心幫我送浴帽！或許飯店設施不是很玩沒但還可以接受！早餐有點收太快了早餐有些還沒吃玩就被收掉了（餐檯上的餐點）,
麗尊大酒店The Lees Hotel,跨年,一開門進去，房間很明亮，廁所很乾淨，沐浴商品都擺放的很整齊，整體都乾淨舒適❤️有機會的話，下次來高雄，我們會再來的🙌🏻,
麗尊大酒店The Lees Hotel,環境,"房間大，有小客廳，基本設施齊備，只是有點舊，空調太冷，需要加被子，浴室乾髮風機沒有7樓泳池浴室的好用。
雖然是禁菸房，但仍有住客吸菸，影響空氣環境。
2 樓餐廳，早餐食物豐富，但「素食」標籤不佳，間中沒有更換標籤，錯標了，建議標注「素食」，「蛋奶素」，素食食物選擇不太多。
交通方便，步行15mins 便到夜市。",
麗尊大酒店The Lees Hotel,大房間、乾淨,"房間很大，且很舒適，還有小客廳，非常方便
床很舒服，都不想離開床了
浴室有免治馬桶可以使用，相當好用
下次還會選擇麗尊",
麗尊大酒店The Lees Hotel,房間很舒適,"房間大，還有小客廳，
還有迎賓水果
非常乾淨、舒適
早餐很豐富，選擇多樣
退房時間有彈性
下次造訪一定會再選擇",
晶英國際行館Silks Club,第一次來高雄跨年就獻給你了,第一次來高雄跨年就獻給你了，位置也非常便利，離大遠百跟三多站步行只要五分鐘，真的非常方便，服務非常貼心細緻，人員也很有耐心，下次有機會還會選擇這裡,
晶英國際行館Silks Club,高雄推薦住宿,來高雄的好選擇，居住品質極高且週邊交通方便，步行至最近的捷運只要5分鐘 在飯店與捷運中間又有腳踏車租借的地點 便利性極高 另外捷運旁邊就是百貨公司及商圈 可滿足大部分的需求以及便利性,
晶英國際行館Silks Club,低調簡潔,"亮點是大廳的裝置藝術品，舞動的小金球以海洋意象為主題，非常療癒的上演一場令人感動的無聲樂章。而欣賞這場秀的貴賓席是一整棵霸氣橫陳在側的實心柚木，璞琢原木質感讓人身心放鬆安坐其上。
房間簡潔俐落，偏日式風格，備品是法國有機品牌但使用後留有滑溜感，也許因使用習慣不同而不適應。
當然ukai 鐵板燒及獺祭吧是入住重點之一，宜蘭鮑魚及日...更多",
晶英國際行館Silks Club,元旦之旅,停車場明亮乾淨，服務非常親切有效率，床很好睡，房間很大，設備很棒，泳池景觀佳，下午茶還不錯，但早餐普普，交通便利，值得再去,
晶英國際行館Silks Club,營運效率與滿房因應手法配不上晶英品牌,飯店還算新，但可能因為開幕才一年多，營運還未上軌道，原本在OTA訂房後有貼心來電詢問訂房事宜及可能入住時間，沒想到到了入住當天，已經比一般入住時間（三點）晚了兩小時抵達，但仍沒有房間可入住，入住櫃檯先是推薦用多付1000元升等套房房型，在連續表達無意升等後，才坦承房間仍在打掃無法入住，需要等待，在詢問要我們在哪裡等待後，才回覆說...更多,
福容大飯店 高雄Fullon Hotel Kaohsiung,體驗不佳,"平日入住，下午電話訂房時，櫃檯人員表示「房間很多請現場入住喔」

1.下班前往飯店8:30辦理入住時，櫃檯男服務人員聽到現場入住，臉色就很差，跟他說話都沒有「回應」。
確認房間房型也是態度很差，假期一入住的氣氛都被打壞了。
走完程序後，1000元的餐券，告訴我退房前都能在飯店使用晚餐（背台詞），答非所問，因為退房是中午12:00...更多",
福容大飯店 高雄Fullon Hotel Kaohsiung,CP值普通，房間超級大,第28次親子旅行，在台灣住過第二大的房型，住過第一大的是義大，但食物方面，以3千多的價位而言覺得算是普通，有二個洗手台很特別，沒有浴缸，隔音方面，應該是由陽台落地窗傳來的，本來以為是浴室的隔音，但關上浴室門，晚上十點還是聽到隔壁房間二個小男孩在嘻鬧，希望能加強隔音。以搭乘高鐵來說，距離還是有一點遠，如果要帶長輩同行的話會考慮到距...更多,"親愛的福容貴賓 您好，
謝謝您選擇福容大飯店高雄店，同時也謝謝您撥冗提出您的意見，讓我們有改善與進步的空間。
有關您提及的客房與餐飲品質，本館將著手進行相關服務定位與設備改善作業，其相關經驗將成團隊教案，逐部加強訓練與調整到位品質。
對於能給予貴賓們有安全/舒適的住宿品質 與 回憶，是我們團隊長久經營的目標與方向，未來 將持續秉...更多"
福容大飯店 高雄Fullon Hotel Kaohsiung,CP值高、設施俱全、地點便利,從訂房網上訂到不到2000元台幣的價位，房間有兩大床33平方米！櫃檯人員態度很親切，房間內很乾淨，看出去景觀有愛河、輕軌站、摩天輪，視野非常好。飯店內還有游泳池跟健身房（可惜時間不夠只有參觀沒有使用到）離駁二特區走路就可以到達，附近婆婆冰那條街上店都開到很晚很熱鬧，有一間早到晚到生意超級好，有宵夜習慣的很推薦這間飯店唷！,"謝謝您的稱讚，很高興您在高雄福容飯店有個愉快的旅程。 
同時也謝謝您對飯店的稱讚，飯店的服務能得到客人的認同與滿意,對我們而言，這是鼓勵也是肯定。
飯店全體同仁將持續秉持服務第一，品質優先之理念為客人帶來美好的住房經驗。未來請您繼續給予支持，也希望將來有機會再為您服務。"
福容大飯店 高雄Fullon Hotel Kaohsiung,位置佳,"步行距離內, 有很多餐廳, 腳底按摩店可選擇, 適合商務客
房間隔音算不錯, 除非有很沒禮貌的房客, 房間門大開的在聊天
早餐偏中式為主, 每天換菜色
似乎很多旅行團會入住, 但飯店會將團客安排在低樓層","再次 感謝您 對福容大飯店 高雄的寶貴建議與肯定 !
    本館對於能給予貴賓們有安全/舒適的住宿品質 與 回憶，是我們團隊長久經營的目標與方向，未來 將持續秉持相同信念努力。
衷心期待 於不久的將來能有機會再次為您或親友們提供更周到貼心的服務，也期望您繼續不吝指教，我們在您的鼓勵之下，會持續不斷的加油努力。"
福容大飯店 高雄Fullon Hotel Kaohsiung,房間舒適、早餐豐富，鄰近捷運、輕軌站，惟飯店基地面積小所以停車位不足，早餐用餐時要排隊,"飯店受限基地面積不大，
所以空間設計上不如其他大飯店寬敞，
但客房設施佈置與清潔度到位，
客房桌上有提供水果非常的貼心；
早餐也是受到空間影響，
雖然樣式沒有其他大飯店的多，
但也是走精緻路線算是豐盛，
熟食區菜色被取用後會立即補上，
而且是更新的菜色，不會一直重覆，
素食亦會標示清楚，整體水準給予肯定。

飯店內有提供健身房與...更多","再次 感謝您 對福容大飯店 高雄的寶貴建議與肯定 !
    本館對於能給予貴賓們有安全/舒適的住宿品質 與 回憶，是我們團隊長久經營的目標與方向，未來 將持續秉持相同信念努力。
衷心期待 於不久的將來能有機會再次為您或親友們提供更周到貼心的服務，也期望您繼續不吝指教，我們在您的鼓勵之下，會持續不斷的加油努力。"
